Workbook
Name _2023_CF_comparison: #REF!
Name assignability_uploaded: #REF!
Name bp_uploaded: #REF!
Name Category: #REF!
Name COLA: #REF!
Name COLA_: #REF!
Name Currency_Label: #REF!
Name IQ_CH: 110000
Name IQ_CQ: 5000
Name IQ_CY: 10000
Name IQ_DAILY: 500000
Name IQ_FH: 100000
Name IQ_FQ: 500
Name IQ_FY: 1000
Name IQ_LTM: 2000
Name IQ_MONTH: 15000
Name IQ_NTM: 6000
Name IQ_WEEK: 50000
Name IQ_YTD: 3000
Name Link: #REF!
Name long: #REF!
Name millions: #REF!
Name months_year: #REF!
Name SLB: #REF!
Name SLIMS: #REF!
Name Status: #REF!
Name TCO: #REF!
Name Units: #REF!
Name Univ: #REF!
Name vdr: #REF!

Sheet data 
B1: =SUBTOTAL(3,B4:B943) -> 12 | C1: =SUBTOTAL(3,C4:C943) -> 12 | D1: =SUBTOTAL(3,D4:D943) -> 12 | E1: =SUBTOTAL(3,E4:E943) -> 12 | F1: =SUBTOTAL(3,F4:F943) -> 12 | G1: =SUBTOTAL(3,G4:G943) -> 12 | H1: =SUBTOTAL(3,H4:H943) -> 12 | I1: =SUBTOTAL(3,I4:I943) -> 12 | ... BH1: =SUBTOTAL(3,BH4:BH943) -> 12
R2: PMO | S2: PMO | T2: PMO | V2: from TCO tracker as of Jan.8,2026 | AG2: Tempo | AR2: D | AT2: Permanent
B3: FTAP SITE ID | C3: MNO Site ID | D3: Search Ring | E3: POC | F3: COOP ABBR. | G3: Project | H3: Territory | I3: Island Group | J3: Region | K3: Province | L3: Municipality | M3: Address | N3: Lat | O3: Long | P3: PMO Milestone | Q3: CME Milestone | R3: GRID Category | S3: Project Status | T3: CME Milestone | U3: Approved TSSR | V3: PMO Milestone | W3: Approved TSSR update | X3: BP secured | Y3: BP secured date | Z3: Construction Started | AA3: Construction Completed | AB3: Post Con Secured | AC3: Post Con on ST | AD3: Tap to lessor | AE3: Grid Vendor | AF3: Vendor Allocated Date | AG3: Tempo PQ Raised | AH3: PQ Number | AI3: Tempo PO Issued | AJ3: PO Number | AK3: COOP Surveyed | AL3: Tempo Permit Released | AM3: Tempo Energized | AN3: Cancelled Tempo | AO3: Advance Build | AP3: Milestone | AQ3: Aging Days | AR3: Issues | AS3: Remarks | AT3: Permanent BoQ Submitted | AU3: Permanent BoQ approved | AV3: Permanent PQ Raised | AW3: PQ Number | AX3: Permanent PO Issued | AY3: PO Number | AZ3: Line Construction Started | BA3: Line Construction Completed | BB3: Bill deposit Paid | BC3: Permanent Energized | BD3: Milestone | BE3: Aging Days | BF3: Remarks | BH3: Delay Issues
B4: PH140222 | C4: CO-A-BM-37 | D4: BrgyBialong_ShariffAguak_Maguindanao | E4: Marlone | F4: MAGELCO | G4: BTS 8 | H4: T7 | I4: MIN | J4: Autonomous Region In Muslim Mindanao (ARMM) | K4: Maguindanao | L4: Shariff Aguak (Capital) | M4: 0 | N4: 0 | O4: 0 | P4: z.1 Returned site | Q4: L - Under pre-construction | R4: =IF(INDEX(#REF!,MATCH('data '!$B4,#REF!,0),MATCH('data '!R$3,#REF!,0))=0,"",INDEX(#REF!,MATCH('data '!$B4,#REF!,0),MATCH('data '!R$3,#REF!,0))) -> #REF! | S4: =IF(INDEX(#REF!,MATCH('data '!$B4,#REF!,0),MATCH('data '!S$3,#REF!,0))=0,"",INDEX(#REF!,MATCH('data '!$B4,#REF!,0),MATCH('data '!S$3,#REF!,0))) -> #REF! | T4: =IF(INDEX(#REF!,MATCH('data '!$B4,#REF!,0),MATCH('data '!T$3,#REF!,0))=0,"",INDEX(#REF!,MATCH('data '!$B4,#REF!,0),MATCH('data '!T$3,#REF!,0))) -> #REF! | V4: z.1 Returned site | W4: 0 | AC4: =VLOOKUP(B4,#REF!,19,0) -> #REF! | AP4: =IF(AM4>0,"Tempo Energized",IF(AL4>0,"Tempo Permit Released",IF(AK4>0,"COOP Surveyed",IF(AI4>0,"PO Issued",IF(AG4>0,"PQ Raised",IF(AF4>0,"Vendor Allocated",IF(X4>0,"BP Secured","Not yet endorsed"))))))) -> Not yet endorsed | AQ4: {=IF(AM4>0,(TODAY()-AM4),IF(AL4>0,(TODAY()-AL4),IF(AK4>0,(TODAY()-AK4,IF(AI4>0,(TODAY()-AI4),IF(AG4>0,(TODAY()-AG4),IF(AF4>0,(TODAY()-AF4),IF(X4>0,(TODAY()-X4)," "))))))))} -> FALSE | BD4: =IF(BC4>0,"Permanent Energized",IF(BB4>0,"Bill deposit Paid",IF(BA4>0,"Line Construction Completed",IF(AZ4>0,"Line Construction Started",IF(AX4>0,"PO Issued",IF(AV4>0,"PQ Raised",IF(AU4>0,"BoQ Approved",IF(AT4>0,"BoQ Submitted",IF(AF4>0,"Vendor Allocated",IF(X4>0,"BP Secured",IF(U4>0,"TSSR Approved","Not yet endorsed"))))))))))) -> Not yet endorsed | BG4: #N/A
B5: PH110560 | C5: NS-BIZ18-D02 | D5: Brgy.Mandug02_DavaoCity_DavaoDelSur | E5: Marlone | F5: DASURECO | G5: BTS 8 | H5: T7 | I5: MIN | J5: Region XI (Davao Region) | K5: Davao del Sur | L5: 0 | M5: 0 | N5: 0 | O5: 0 | P5: n. Ongoing brgy permitting | Q5: L - Under pre-construction | R5: =IF(INDEX(#REF!,MATCH('data '!$B5,#REF!,0),MATCH('data '!R$3,#REF!,0))=0,"",INDEX(#REF!,MATCH('data '!$B5,#REF!,0),MATCH('data '!R$3,#REF!,0))) -> #REF! | S5: =IF(INDEX(#REF!,MATCH('data '!$B5,#REF!,0),MATCH('data '!S$3,#REF!,0))=0,"",INDEX(#REF!,MATCH('data '!$B5,#REF!,0),MATCH('data '!S$3,#REF!,0))) -> #REF! | T5: =IF(INDEX(#REF!,MATCH('data '!$B5,#REF!,0),MATCH('data '!T$3,#REF!,0))=0,"",INDEX(#REF!,MATCH('data '!$B5,#REF!,0),MATCH('data '!T$3,#REF!,0))) -> #REF! | V5: n. Ongoing brgy permitting | W5: Ongoing Brgy. Permitting | AC5: =VLOOKUP(B5,#REF!,19,0) -> #REF! | AP5: =IF(AM5>0,"Tempo Energized",IF(AL5>0,"Tempo Permit Released",IF(AK5>0,"COOP Surveyed",IF(AI5>0,"PO Issued",IF(AG5>0,"PQ Raised",IF(AF5>0,"Vendor Allocated",IF(X5>0,"BP Secured","Not yet endorsed"))))))) -> Not yet endorsed | AQ5: {=IF(AM5>0,(TODAY()-AM5),IF(AL5>0,(TODAY()-AL5),IF(AK5>0,(TODAY()-AK5,IF(AI5>0,(TODAY()-AI5),IF(AG5>0,(TODAY()-AG5),IF(AF5>0,(TODAY()-AF5),IF(X5>0,(TODAY()-X5)," "))))))))} -> FALSE | BD5: =IF(BC5>0,"Permanent Energized",IF(BB5>0,"Bill deposit Paid",IF(BA5>0,"Line Construction Completed",IF(AZ5>0,"Line Construction Started",IF(AX5>0,"PO Issued",IF(AV5>0,"PQ Raised",IF(AU5>0,"BoQ Approved",IF(AT5>0,"BoQ Submitted",IF(AF5>0,"Vendor Allocated",IF(X5>0,"BP Secured",IF(U5>0,"TSSR Approved","Not yet endorsed"))))))))))) -> Not yet endorsed | BG5: #N/A
B6: PH110548 | C6: NS-BIZ18-D04 | D6: Brgy.Bucana02_DavaoCity_DavaoDelSur | E6: Marlone | F6: DASURECO | G6: BTS 8 | H6: T7 | I6: MIN | J6: Region XI (Davao Region) | K6: Davao del Sur | L6: 0 | M6: 0 | N6: 7.054097 | O6: 125.59169 | P6: t. BP secured | Q6: L - Under pre-construction | R6: =IF(INDEX(#REF!,MATCH('data '!$B6,#REF!,0),MATCH('data '!R$3,#REF!,0))=0,"",INDEX(#REF!,MATCH('data '!$B6,#REF!,0),MATCH('data '!R$3,#REF!,0))) -> #REF! | S6: =IF(INDEX(#REF!,MATCH('data '!$B6,#REF!,0),MATCH('data '!S$3,#REF!,0))=0,"",INDEX(#REF!,MATCH('data '!$B6,#REF!,0),MATCH('data '!S$3,#REF!,0))) -> #REF! | T6: =IF(INDEX(#REF!,MATCH('data '!$B6,#REF!,0),MATCH('data '!T$3,#REF!,0))=0,"",INDEX(#REF!,MATCH('data '!$B6,#REF!,0),MATCH('data '!T$3,#REF!,0))) -> #REF! | U6: Yes | V6: r. BP applied | W6: For BP release | AC6: =VLOOKUP(B6,#REF!,19,0) -> #REF! | AP6: =IF(AM6>0,"Tempo Energized",IF(AL6>0,"Tempo Permit Released",IF(AK6>0,"COOP Surveyed",IF(AI6>0,"PO Issued",IF(AG6>0,"PQ Raised",IF(AF6>0,"Vendor Allocated",IF(X6>0,"BP Secured","Not yet endorsed"))))))) -> Not yet endorsed | AQ6: {=IF(AM6>0,(TODAY()-AM6),IF(AL6>0,(TODAY()-AL6),IF(AK6>0,(TODAY()-AK6,IF(AI6>0,(TODAY()-AI6),IF(AG6>0,(TODAY()-AG6),IF(AF6>0,(TODAY()-AF6),IF(X6>0,(TODAY()-X6)," "))))))))} -> FALSE | BD6: =IF(BC6>0,"Permanent Energized",IF(BB6>0,"Bill deposit Paid",IF(BA6>0,"Line Construction Completed",IF(AZ6>0,"Line Construction Started",IF(AX6>0,"PO Issued",IF(AV6>0,"PQ Raised",IF(AU6>0,"BoQ Approved",IF(AT6>0,"BoQ Submitted",IF(AF6>0,"Vendor Allocated",IF(X6>0,"BP Secured",IF(U6>0,"TSSR Approved","Not yet endorsed"))))))))))) -> TSSR Approved | BE6: #VALUE! | BG6: #N/A
B7: PH110582 | C7: NS-BIZ18-D08 | D7: Baluarte_TDCProperty_BrgyPanacan_DavaoCity_DavaoDelSur | E7: Marlone | F7: DASURECO | G7: BTS 8 | H7: T7 | I7: MIN | J7: Region XI (Davao Region) | K7: Davao del Sur | L7: City of Davao | M7: 0 | N7: 0 | O7: 0 | P7: a.10 For Justi submission to GT | Q7: L - Under pre-construction | R7: =IF(INDEX(#REF!,MATCH('data '!$B7,#REF!,0),MATCH('data '!R$3,#REF!,0))=0,"",INDEX(#REF!,MATCH('data '!$B7,#REF!,0),MATCH('data '!R$3,#REF!,0))) -> #REF! | S7: =IF(INDEX(#REF!,MATCH('data '!$B7,#REF!,0),MATCH('data '!S$3,#REF!,0))=0,"",INDEX(#REF!,MATCH('data '!$B7,#REF!,0),MATCH('data '!S$3,#REF!,0))) -> #REF! | T7: =IF(INDEX(#REF!,MATCH('data '!$B7,#REF!,0),MATCH('data '!T$3,#REF!,0))=0,"",INDEX(#REF!,MATCH('data '!$B7,#REF!,0),MATCH('data '!T$3,#REF!,0))) -> #REF! | V7: a.3. for Final dispo | W7: 0 | AC7: =VLOOKUP(B7,#REF!,19,0) -> #REF! | AP7: =IF(AM7>0,"Tempo Energized",IF(AL7>0,"Tempo Permit Released",IF(AK7>0,"COOP Surveyed",IF(AI7>0,"PO Issued",IF(AG7>0,"PQ Raised",IF(AF7>0,"Vendor Allocated",IF(X7>0,"BP Secured","Not yet endorsed"))))))) -> Not yet endorsed | AQ7: {=IF(AM7>0,(TODAY()-AM7),IF(AL7>0,(TODAY()-AL7),IF(AK7>0,(TODAY()-AK7,IF(AI7>0,(TODAY()-AI7),IF(AG7>0,(TODAY()-AG7),IF(AF7>0,(TODAY()-AF7),IF(X7>0,(TODAY()-X7)," "))))))))} -> FALSE | BD7: =IF(BC7>0,"Permanent Energized",IF(BB7>0,"Bill deposit Paid",IF(BA7>0,"Line Construction Completed",IF(AZ7>0,"Line Construction Started",IF(AX7>0,"PO Issued",IF(AV7>0,"PQ Raised",IF(AU7>0,"BoQ Approved",IF(AT7>0,"BoQ Submitted",IF(AF7>0,"Vendor Allocated",IF(X7>0,"BP Secured",IF(U7>0,"TSSR Approved","Not yet endorsed"))))))))))) -> Not yet endorsed | BG7: #N/A
B8: PH110558 | C8: NS-BIZ18-D10 | D8: Brgy.Waan02_DavaoCity_DavaoDelSur | E8: Marlone | F8: DASURECO | G8: BTS 8 | H8: T7 | I8: MIN | J8: Region XI (Davao Region) | K8: Davao del Sur | L8: 0 | M8: 0 | N8: 0 | O8: 0 | P8: n. Ongoing brgy permitting | Q8: L - Under pre-construction | R8: =IF(INDEX(#REF!,MATCH('data '!$B8,#REF!,0),MATCH('data '!R$3,#REF!,0))=0,"",INDEX(#REF!,MATCH('data '!$B8,#REF!,0),MATCH('data '!R$3,#REF!,0))) -> #REF! | S8: =IF(INDEX(#REF!,MATCH('data '!$B8,#REF!,0),MATCH('data '!S$3,#REF!,0))=0,"",INDEX(#REF!,MATCH('data '!$B8,#REF!,0),MATCH('data '!S$3,#REF!,0))) -> #REF! | T8: =IF(INDEX(#REF!,MATCH('data '!$B8,#REF!,0),MATCH('data '!T$3,#REF!,0))=0,"",INDEX(#REF!,MATCH('data '!$B8,#REF!,0),MATCH('data '!T$3,#REF!,0))) -> #REF! | V8: n. Ongoing brgy permitting | W8: Ongoing Brgy. Permitting | AC8: =VLOOKUP(B8,#REF!,19,0) -> #REF! | AP8: =IF(AM8>0,"Tempo Energized",IF(AL8>0,"Tempo Permit Released",IF(AK8>0,"COOP Surveyed",IF(AI8>0,"PO Issued",IF(AG8>0,"PQ Raised",IF(AF8>0,"Vendor Allocated",IF(X8>0,"BP Secured","Not yet endorsed"))))))) -> Not yet endorsed | AQ8: {=IF(AM8>0,(TODAY()-AM8),IF(AL8>0,(TODAY()-AL8),IF(AK8>0,(TODAY()-AK8,IF(AI8>0,(TODAY()-AI8),IF(AG8>0,(TODAY()-AG8),IF(AF8>0,(TODAY()-AF8),IF(X8>0,(TODAY()-X8)," "))))))))} -> FALSE | BD8: =IF(BC8>0,"Permanent Energized",IF(BB8>0,"Bill deposit Paid",IF(BA8>0,"Line Construction Completed",IF(AZ8>0,"Line Construction Started",IF(AX8>0,"PO Issued",IF(AV8>0,"PQ Raised",IF(AU8>0,"BoQ Approved",IF(AT8>0,"BoQ Submitted",IF(AF8>0,"Vendor Allocated",IF(X8>0,"BP Secured",IF(U8>0,"TSSR Approved","Not yet endorsed"))))))))))) -> Not yet endorsed | BG8: #N/A
B9: PH110553 | C9: NS-BIZ18-D21 | D9: Brgy.Buhangin(Pob.)01_DavaoCity_DavaoDelSur | E9: Marlone | F9: DASURECO | G9: BTS 8 | H9: T7 | I9: MIN | J9: Region XI (Davao Region) | K9: Davao del Sur | L9: 0 | M9: 0 | N9: 0 | O9: 0 | P9: t. BP secured | Q9: L - Under pre-construction | R9: =IF(INDEX(#REF!,MATCH('data '!$B9,#REF!,0),MATCH('data '!R$3,#REF!,0))=0,"",INDEX(#REF!,MATCH('data '!$B9,#REF!,0),MATCH('data '!R$3,#REF!,0))) -> #REF! | S9: =IF(INDEX(#REF!,MATCH('data '!$B9,#REF!,0),MATCH('data '!S$3,#REF!,0))=0,"",INDEX(#REF!,MATCH('data '!$B9,#REF!,0),MATCH('data '!S$3,#REF!,0))) -> #REF! | T9: =IF(INDEX(#REF!,MATCH('data '!$B9,#REF!,0),MATCH('data '!T$3,#REF!,0))=0,"",INDEX(#REF!,MATCH('data '!$B9,#REF!,0),MATCH('data '!T$3,#REF!,0))) -> #REF! | U9: Yes | V9: p.2 LGU Applied- Advance build | W9: ADV. RTB | X9: Yes | Y9: 45932 | AC9: =VLOOKUP(B9,#REF!,19,0) -> #REF! | AP9: =IF(AM9>0,"Tempo Energized",IF(AL9>0,"Tempo Permit Released",IF(AK9>0,"COOP Surveyed",IF(AI9>0,"PO Issued",IF(AG9>0,"PQ Raised",IF(AF9>0,"Vendor Allocated",IF(X9>0,"BP Secured","Not yet endorsed"))))))) -> BP Secured | AQ9: {=IF(AM9>0,(TODAY()-AM9),IF(AL9>0,(TODAY()-AL9),IF(AK9>0,(TODAY()-AK9,IF(AI9>0,(TODAY()-AI9),IF(AG9>0,(TODAY()-AG9),IF(AF9>0,(TODAY()-AF9),IF(X9>0,(TODAY()-X9)," "))))))))} -> FALSE | BD9: =IF(BC9>0,"Permanent Energized",IF(BB9>0,"Bill deposit Paid",IF(BA9>0,"Line Construction Completed",IF(AZ9>0,"Line Construction Started",IF(AX9>0,"PO Issued",IF(AV9>0,"PQ Raised",IF(AU9>0,"BoQ Approved",IF(AT9>0,"BoQ Submitted",IF(AF9>0,"Vendor Allocated",IF(X9>0,"BP Secured",IF(U9>0,"TSSR Approved","Not yet endorsed"))))))))))) -> BP Secured | BE9: #VALUE! | BG9: #N/A
B10: PH110547 | C10: NS-BIZ18-D31 | D10: Brgy.Pampanga_DavaoCity_DavaoDelSur | E10: Marlone | F10: DASURECO | G10: BTS 8 | H10: T7 | I10: MIN | J10: Region XI (Davao Region) | K10: Davao del Sur | L10: 0 | M10: 0 | N10: 0 | O10: 0 | P10: z.1 Returned site | Q10: L - Under pre-construction | R10: =IF(INDEX(#REF!,MATCH('data '!$B10,#REF!,0),MATCH('data '!R$3,#REF!,0))=0,"",INDEX(#REF!,MATCH('data '!$B10,#REF!,0),MATCH('data '!R$3,#REF!,0))) -> #REF! | S10: =IF(INDEX(#REF!,MATCH('data '!$B10,#REF!,0),MATCH('data '!S$3,#REF!,0))=0,"",INDEX(#REF!,MATCH('data '!$B10,#REF!,0),MATCH('data '!S$3,#REF!,0))) -> #REF! | T10: =IF(INDEX(#REF!,MATCH('data '!$B10,#REF!,0),MATCH('data '!T$3,#REF!,0))=0,"",INDEX(#REF!,MATCH('data '!$B10,#REF!,0),MATCH('data '!T$3,#REF!,0))) -> #REF! | V10: z.1 Returned site | W10: 0 | AC10: =VLOOKUP(B10,#REF!,19,0) -> #REF! | AP10: =IF(AM10>0,"Tempo Energized",IF(AL10>0,"Tempo Permit Released",IF(AK10>0,"COOP Surveyed",IF(AI10>0,"PO Issued",IF(AG10>0,"PQ Raised",IF(AF10>0,"Vendor Allocated",IF(X10>0,"BP Secured","Not yet endorsed"))))))) -> Not yet endorsed | AQ10: {=IF(AM10>0,(TODAY()-AM10),IF(AL10>0,(TODAY()-AL10),IF(AK10>0,(TODAY()-AK10,IF(AI10>0,(TODAY()-AI10),IF(AG10>0,(TODAY()-AG10),IF(AF10>0,(TODAY()-AF10),IF(X10>0,(TODAY()-X10)," "))))))))} -> FALSE | BD10: =IF(BC10>0,"Permanent Energized",IF(BB10>0,"Bill deposit Paid",IF(BA10>0,"Line Construction Completed",IF(AZ10>0,"Line Construction Started",IF(AX10>0,"PO Issued",IF(AV10>0,"PQ Raised",IF(AU10>0,"BoQ Approved",IF(AT10>0,"BoQ Submitted",IF(AF10>0,"Vendor Allocated",IF(X10>0,"BP Secured",IF(U10>0,"TSSR Approved","Not yet endorsed"))))))))))) -> Not yet endorsed | BG10: #N/A
B11: PH070479 | C11: NS-BIZ18-D55 | D11: Baluarte_TempleofLeah_BrgyBusay_CebuCity_Cebu | E11: Ralph | F11: VECO | G11: BTS 8 | H11: T6 | I11: VIS | J11: Region VII (Central Visayas) | K11: Cebu | L11: City of Cebu (Capital) | M11: 0 | N11: 0 | O11: 0 | P11: a.7. Problematic sites/Potential return sites | Q11: L - Under pre-construction | R11: =IF(INDEX(#REF!,MATCH('data '!$B11,#REF!,0),MATCH('data '!R$3,#REF!,0))=0,"",INDEX(#REF!,MATCH('data '!$B11,#REF!,0),MATCH('data '!R$3,#REF!,0))) -> #REF! | S11: =IF(INDEX(#REF!,MATCH('data '!$B11,#REF!,0),MATCH('data '!S$3,#REF!,0))=0,"",INDEX(#REF!,MATCH('data '!$B11,#REF!,0),MATCH('data '!S$3,#REF!,0))) -> #REF! | T11: =IF(INDEX(#REF!,MATCH('data '!$B11,#REF!,0),MATCH('data '!T$3,#REF!,0))=0,"",INDEX(#REF!,MATCH('data '!$B11,#REF!,0),MATCH('data '!T$3,#REF!,0))) -> #REF! | V11: z.1 Returned site | W11: 0 | AC11: =VLOOKUP(B11,#REF!,19,0) -> #REF! | AP11: =IF(AM11>0,"Tempo Energized",IF(AL11>0,"Tempo Permit Released",IF(AK11>0,"COOP Surveyed",IF(AI11>0,"PO Issued",IF(AG11>0,"PQ Raised",IF(AF11>0,"Vendor Allocated",IF(X11>0,"BP Secured","Not yet endorsed"))))))) -> Not yet endorsed | AQ11: {=IF(AM11>0,(TODAY()-AM11),IF(AL11>0,(TODAY()-AL11),IF(AK11>0,(TODAY()-AK11,IF(AI11>0,(TODAY()-AI11),IF(AG11>0,(TODAY()-AG11),IF(AF11>0,(TODAY()-AF11),IF(X11>0,(TODAY()-X11)," "))))))))} -> FALSE | BD11: =IF(BC11>0,"Permanent Energized",IF(BB11>0,"Bill deposit Paid",IF(BA11>0,"Line Construction Completed",IF(AZ11>0,"Line Construction Started",IF(AX11>0,"PO Issued",IF(AV11>0,"PQ Raised",IF(AU11>0,"BoQ Approved",IF(AT11>0,"BoQ Submitted",IF(AF11>0,"Vendor Allocated",IF(X11>0,"BP Secured",IF(U11>0,"TSSR Approved","Not yet endorsed"))))))))))) -> Not yet endorsed | BG11: #N/A
B12: PH031093 | C12: NS-BIZ18-D88 | D12: BrgyBatasanBata_SanMiguel_Bulacan | E12: CJ | F12: 0 | G12: BTS 8 | H12: T2 | I12: LUZ | J12: Region III (Central Luzon) | K12: Bulacan | L12: San Miguel | M12: 0 | N12: 0 | O12: 0 | P12: c. Ongoing candidate pre-approval | Q12: 0 | R12: =IF(INDEX(#REF!,MATCH('data '!$B12,#REF!,0),MATCH('data '!R$3,#REF!,0))=0,"",INDEX(#REF!,MATCH('data '!$B12,#REF!,0),MATCH('data '!R$3,#REF!,0))) -> #REF! | S12: =IF(INDEX(#REF!,MATCH('data '!$B12,#REF!,0),MATCH('data '!S$3,#REF!,0))=0,"",INDEX(#REF!,MATCH('data '!$B12,#REF!,0),MATCH('data '!S$3,#REF!,0))) -> #REF! | T12: =IF(INDEX(#REF!,MATCH('data '!$B12,#REF!,0),MATCH('data '!T$3,#REF!,0))=0,"",INDEX(#REF!,MATCH('data '!$B12,#REF!,0),MATCH('data '!T$3,#REF!,0))) -> #REF! | V12: z.1 Returned site | W12: 0 | AC12: =VLOOKUP(B12,#REF!,19,0) -> #REF! | AP12: =IF(AM12>0,"Tempo Energized",IF(AL12>0,"Tempo Permit Released",IF(AK12>0,"COOP Surveyed",IF(AI12>0,"PO Issued",IF(AG12>0,"PQ Raised",IF(AF12>0,"Vendor Allocated",IF(X12>0,"BP Secured","Not yet endorsed"))))))) -> Not yet endorsed | AQ12: {=IF(AM12>0,(TODAY()-AM12),IF(AL12>0,(TODAY()-AL12),IF(AK12>0,(TODAY()-AK12,IF(AI12>0,(TODAY()-AI12),IF(AG12>0,(TODAY()-AG12),IF(AF12>0,(TODAY()-AF12),IF(X12>0,(TODAY()-X12)," "))))))))} -> FALSE | BD12: =IF(BC12>0,"Permanent Energized",IF(BB12>0,"Bill deposit Paid",IF(BA12>0,"Line Construction Completed",IF(AZ12>0,"Line Construction Started",IF(AX12>0,"PO Issued",IF(AV12>0,"PQ Raised",IF(AU12>0,"BoQ Approved",IF(AT12>0,"BoQ Submitted",IF(AF12>0,"Vendor Allocated",IF(X12>0,"BP Secured",IF(U12>0,"TSSR Approved","Not yet endorsed"))))))))))) -> Not yet endorsed | BG12: #N/A
B13: PH080348 | C13: NS-BIZ18-E69 | D13: Roxas_st_corner_Bonifacio_st_Catarman_NorthernSamar | E13: Ralph | F13: NORSAMELCO | G13: BTS 8 | H13: T6 | I13: VIS | J13: Region VIII (Eastern Visayas) | K13: Northern Samar | L13: Catarman (Capital) | M13: 0 | N13: 0 | O13: 0 | P13: o. with Brgy clearance | Q13: L - Under pre-construction | R13: =IF(INDEX(#REF!,MATCH('data '!$B13,#REF!,0),MATCH('data '!R$3,#REF!,0))=0,"",INDEX(#REF!,MATCH('data '!$B13,#REF!,0),MATCH('data '!R$3,#REF!,0))) -> #REF! | S13: =IF(INDEX(#REF!,MATCH('data '!$B13,#REF!,0),MATCH('data '!S$3,#REF!,0))=0,"",INDEX(#REF!,MATCH('data '!$B13,#REF!,0),MATCH('data '!S$3,#REF!,0))) -> #REF! | T13: =IF(INDEX(#REF!,MATCH('data '!$B13,#REF!,0),MATCH('data '!T$3,#REF!,0))=0,"",INDEX(#REF!,MATCH('data '!$B13,#REF!,0),MATCH('data '!T$3,#REF!,0))) -> #REF! | V13: o. with Brgy clearance | W13: For Zone Application | AC13: =VLOOKUP(B13,#REF!,19,0) -> #REF! | AP13: =IF(AM13>0,"Tempo Energized",IF(AL13>0,"Tempo Permit Released",IF(AK13>0,"COOP Surveyed",IF(AI13>0,"PO Issued",IF(AG13>0,"PQ Raised",IF(AF13>0,"Vendor Allocated",IF(X13>0,"BP Secured","Not yet endorsed"))))))) -> Not yet endorsed | AQ13: {=IF(AM13>0,(TODAY()-AM13),IF(AL13>0,(TODAY()-AL13),IF(AK13>0,(TODAY()-AK13,IF(AI13>0,(TODAY()-AI13),IF(AG13>0,(TODAY()-AG13),IF(AF13>0,(TODAY()-AF13),IF(X13>0,(TODAY()-X13)," "))))))))} -> FALSE | BD13: =IF(BC13>0,"Permanent Energized",IF(BB13>0,"Bill deposit Paid",IF(BA13>0,"Line Construction Completed",IF(AZ13>0,"Line Construction Started",IF(AX13>0,"PO Issued",IF(AV13>0,"PQ Raised",IF(AU13>0,"BoQ Approved",IF(AT13>0,"BoQ Submitted",IF(AF13>0,"Vendor Allocated",IF(X13>0,"BP Secured",IF(U13>0,"TSSR Approved","Not yet endorsed"))))))))))) -> Not yet endorsed | BG13: #N/A
B14: PH010320 | C14: NS-BIZ19-A09 | D14: BRGYLINGSAT_SANTAMARIA_ILOCOSSUR | E14: Arjay | F14: ISECO | G14: BTS 8 | H14: T1 | I14: NLZ | J14: Region I (Ilocos Region) | K14: Ilocos Sur | L14: 0 | M14: 0 | N14: 17.3774 | O14: 120.458 | P14: t. BP secured | Q14: J - Pending SKOM | R14: =IF(INDEX(#REF!,MATCH('data '!$B14,#REF!,0),MATCH('data '!R$3,#REF!,0))=0,"",INDEX(#REF!,MATCH('data '!$B14,#REF!,0),MATCH('data '!R$3,#REF!,0))) -> #REF! | S14: =IF(INDEX(#REF!,MATCH('data '!$B14,#REF!,0),MATCH('data '!S$3,#REF!,0))=0,"",INDEX(#REF!,MATCH('data '!$B14,#REF!,0),MATCH('data '!S$3,#REF!,0))) -> #REF! | T14: =IF(INDEX(#REF!,MATCH('data '!$B14,#REF!,0),MATCH('data '!T$3,#REF!,0))=0,"",INDEX(#REF!,MATCH('data '!$B14,#REF!,0),MATCH('data '!T$3,#REF!,0))) -> #REF! | U14: Yes | V14: t. BP secured | W14: RTB | X14: Yes | Y14: 45903 | AC14: =VLOOKUP(B14,#REF!,19,0) -> #REF! | AE14: BK Engineering Services | AF14: 45938 | AG14: 45939 | AH14: FTAPPQ0013009 | AI14: 45943 | AJ14: FTAPPO0012158 | AK14: 45947 | AL14: 45979 | AM14: 45987 | AP14: =IF(AM14>0,"Tempo Energized",IF(AL14>0,"Tempo Permit Released",IF(AK14>0,"COOP Surveyed",IF(AI14>0,"PO Issued",IF(AG14>0,"PQ Raised",IF(AF14>0,"Vendor Allocated",IF(X14>0,"BP Secured","Not yet endorsed"))))))) -> Tempo Energized | AQ14: {=IF(AM14>0,(TODAY()-AM14),IF(AL14>0,(TODAY()-AL14),IF(AK14>0,(TODAY()-AK14,IF(AI14>0,(TODAY()-AI14),IF(AG14>0,(TODAY()-AG14),IF(AF14>0,(TODAY()-AF14),IF(X14>0,(TODAY()-X14)," "))))))))} -> 119 | AT14: 45994 | AU14: 46048 | AV14: 46048 | AW14: FTAPPQ0014814 | BD14: =IF(BC14>0,"Permanent Energized",IF(BB14>0,"Bill deposit Paid",IF(BA14>0,"Line Construction Completed",IF(AZ14>0,"Line Construction Started",IF(AX14>0,"PO Issued",IF(AV14>0,"PQ Raised",IF(AU14>0,"BoQ Approved",IF(AT14>0,"BoQ Submitted",IF(AF14>0,"Vendor Allocated",IF(X14>0,"BP Secured",IF(U14>0,"TSSR Approved","Not yet endorsed"))))))))))) -> PQ Raised | BE14: #N/A | BG14: BK ENGINEERING | BH14: #REF!
B15: PH070386 | C15: NS-BIZ19-A37 | D15: BrgyDamolog_Sogod_Cebu | E15: Ralph | F15: #N/A | G15: BTS 7 | H15: T6 | I15: VIS | J15: #N/A | K15: #N/A | L15: #N/A | M15: #N/A | N15: #N/A | O15: #N/A | P15: #N/A | Q15: #N/A | R15: =IF(INDEX(#REF!,MATCH('data '!$B15,#REF!,0),MATCH('data '!R$3,#REF!,0))=0,"",INDEX(#REF!,MATCH('data '!$B15,#REF!,0),MATCH('data '!R$3,#REF!,0))) -> #REF! | S15: =IF(INDEX(#REF!,MATCH('data '!$B15,#REF!,0),MATCH('data '!S$3,#REF!,0))=0,"",INDEX(#REF!,MATCH('data '!$B15,#REF!,0),MATCH('data '!S$3,#REF!,0))) -> #REF! | T15: =IF(INDEX(#REF!,MATCH('data '!$B15,#REF!,0),MATCH('data '!T$3,#REF!,0))=0,"",INDEX(#REF!,MATCH('data '!$B15,#REF!,0),MATCH('data '!T$3,#REF!,0))) -> #REF! | V15: 0 | W15: RTB | X15: Yes | Y15: 45769 | AC15: =VLOOKUP(B15,#REF!,19,0) -> #REF! | AE15: Optisolv Electrical Construction Corp. | AP15: =IF(AM15>0,"Tempo Energized",IF(AL15>0,"Tempo Permit Released",IF(AK15>0,"COOP Surveyed",IF(AI15>0,"PO Issued",IF(AG15>0,"PQ Raised",IF(AF15>0,"Vendor Allocated",IF(X15>0,"BP Secured","Not yet endorsed"))))))) -> BP Secured | AQ15: {=IF(AM15>0,(TODAY()-AM15),IF(AL15>0,(TODAY()-AL15),IF(AK15>0,(TODAY()-AK15,IF(AI15>0,(TODAY()-AI15),IF(AG15>0,(TODAY()-AG15),IF(AF15>0,(TODAY()-AF15),IF(X15>0,(TODAY()-X15)," "))))))))} -> FALSE | AT15: TBC | AU15: 45867 | AV15: 45865 | AX15: 45868 | BD15: =IF(BC15>0,"Permanent Energized",IF(BB15>0,"Bill deposit Paid",IF(BA15>0,"Line Construction Completed",IF(AZ15>0,"Line Construction Started",IF(AX15>0,"PO Issued",IF(AV15>0,"PQ Raised",IF(AU15>0,"BoQ Approved",IF(AT15>0,"BoQ Submitted",IF(AF15>0,"Vendor Allocated",IF(X15>0,"BP Secured",IF(U15>0,"TSSR Approved","Not yet endorsed"))))))))))) -> PO Issued | BE15: 72 | BG15: #N/A
B16: PH080355 | C16: NS-BIZ19-A63 | D16: BrgySanIsidro_Maasin_Leyte | E16: Ralph | F16: 0 | G16: BTS 8 | H16: T6 | I16: VIS | J16: Region VIII (Eastern Visayas) | K16: Southern Leyte | L16: 0 | M16: 0 | N16: 10.155547 | O16: 124.85228 | P16: t. BP secured | Q16: 0 | R16: =IF(INDEX(#REF!,MATCH('data '!$B16,#REF!,0),MATCH('data '!R$3,#REF!,0))=0,"",INDEX(#REF!,MATCH('data '!$B16,#REF!,0),MATCH('data '!R$3,#REF!,0))) -> #REF! | S16: =IF(INDEX(#REF!,MATCH('data '!$B16,#REF!,0),MATCH('data '!S$3,#REF!,0))=0,"",INDEX(#REF!,MATCH('data '!$B16,#REF!,0),MATCH('data '!S$3,#REF!,0))) -> #REF! | T16: =IF(INDEX(#REF!,MATCH('data '!$B16,#REF!,0),MATCH('data '!T$3,#REF!,0))=0,"",INDEX(#REF!,MATCH('data '!$B16,#REF!,0),MATCH('data '!T$3,#REF!,0))) -> #REF! | V16: u. RTB | W16: RTB | X16: Yes | Y16: 45930 | AC16: =VLOOKUP(B16,#REF!,19,0) -> #REF! | AP16: =IF(AM16>0,"Tempo Energized",IF(AL16>0,"Tempo Permit Released",IF(AK16>0,"COOP Surveyed",IF(AI16>0,"PO Issued",IF(AG16>0,"PQ Raised",IF(AF16>0,"Vendor Allocated",IF(X16>0,"BP Secured","Not yet endorsed"))))))) -> BP Secured | AQ16: {=IF(AM16>0,(TODAY()-AM16),IF(AL16>0,(TODAY()-AL16),IF(AK16>0,(TODAY()-AK16,IF(AI16>0,(TODAY()-AI16),IF(AG16>0,(TODAY()-AG16),IF(AF16>0,(TODAY()-AF16),IF(X16>0,(TODAY()-X16)," "))))))))} -> FALSE | BD16: =IF(BC16>0,"Permanent Energized",IF(BB16>0,"Bill deposit Paid",IF(BA16>0,"Line Construction Completed",IF(AZ16>0,"Line Construction Started",IF(AX16>0,"PO Issued",IF(AV16>0,"PQ Raised",IF(AU16>0,"BoQ Approved",IF(AT16>0,"BoQ Submitted",IF(AF16>0,"Vendor Allocated",IF(X16>0,"BP Secured",IF(U16>0,"TSSR Approved","Not yet endorsed"))))))))))) -> BP Secured | BE16: #VALUE! | BG16: #N/A
B17: PH140242 | C17: NS-BIZ19-A99 | D17: Brgy.Nalil_Bongao(Capital)_Tawi-Tawi | E17: Marlone | F17: TAWELCO | G17: BTS 8 | H17: T8 | I17: MIN | J17: Autonomous Region In Muslim Mindanao (ARMM) | K17: Tawi-Tawi | L17: Bongao (Capital) | M17: 0 | N17: 0 | O17: 0 | P17: p. LGU Applied | Q17: L - Under pre-construction | R17: =IF(INDEX(#REF!,MATCH('data '!$B17,#REF!,0),MATCH('data '!R$3,#REF!,0))=0,"",INDEX(#REF!,MATCH('data '!$B17,#REF!,0),MATCH('data '!R$3,#REF!,0))) -> #REF! | S17: =IF(INDEX(#REF!,MATCH('data '!$B17,#REF!,0),MATCH('data '!S$3,#REF!,0))=0,"",INDEX(#REF!,MATCH('data '!$B17,#REF!,0),MATCH('data '!S$3,#REF!,0))) -> #REF! | T17: =IF(INDEX(#REF!,MATCH('data '!$B17,#REF!,0),MATCH('data '!T$3,#REF!,0))=0,"",INDEX(#REF!,MATCH('data '!$B17,#REF!,0),MATCH('data '!T$3,#REF!,0))) -> #REF! | V17: r. BP applied | W17: For BP release | AC17: =VLOOKUP(B17,#REF!,19,0) -> #REF! | AP17: =IF(AM17>0,"Tempo Energized",IF(AL17>0,"Tempo Permit Released",IF(AK17>0,"COOP Surveyed",IF(AI17>0,"PO Issued",IF(AG17>0,"PQ Raised",IF(AF17>0,"Vendor Allocated",IF(X17>0,"BP Secured","Not yet endorsed"))))))) -> Not yet endorsed | AQ17: {=IF(AM17>0,(TODAY()-AM17),IF(AL17>0,(TODAY()-AL17),IF(AK17>0,(TODAY()-AK17,IF(AI17>0,(TODAY()-AI17),IF(AG17>0,(TODAY()-AG17),IF(AF17>0,(TODAY()-AF17),IF(X17>0,(TODAY()-X17)," "))))))))} -> FALSE | BD17: =IF(BC17>0,"Permanent Energized",IF(BB17>0,"Bill deposit Paid",IF(BA17>0,"Line Construction Completed",IF(AZ17>0,"Line Construction Started",IF(AX17>0,"PO Issued",IF(AV17>0,"PQ Raised",IF(AU17>0,"BoQ Approved",IF(AT17>0,"BoQ Submitted",IF(AF17>0,"Vendor Allocated",IF(X17>0,"BP Secured",IF(U17>0,"TSSR Approved","Not yet endorsed"))))))))))) -> Not yet endorsed | BG17: #N/A
B18: PH100349 | C18: NS-BIZ19-B36 | D18: Brgy.Magting01_Mambajao(Capital)_Camiguin | E18: Marlone | F18: CAMELCO | G18: BTS 8 | H18: T8 | I18: MIN | J18: Region X (Northern Mindanao) | K18: Camiguin | L18: Mambajao (Capital) | M18: 0 | N18: 0 | O18: 0 | P18: n. Ongoing brgy permitting | Q18: L - Under pre-construction | R18: =IF(INDEX(#REF!,MATCH('data '!$B18,#REF!,0),MATCH('data '!R$3,#REF!,0))=0,"",INDEX(#REF!,MATCH('data '!$B18,#REF!,0),MATCH('data '!R$3,#REF!,0))) -> #REF! | S18: =IF(INDEX(#REF!,MATCH('data '!$B18,#REF!,0),MATCH('data '!S$3,#REF!,0))=0,"",INDEX(#REF!,MATCH('data '!$B18,#REF!,0),MATCH('data '!S$3,#REF!,0))) -> #REF! | T18: =IF(INDEX(#REF!,MATCH('data '!$B18,#REF!,0),MATCH('data '!T$3,#REF!,0))=0,"",INDEX(#REF!,MATCH('data '!$B18,#REF!,0),MATCH('data '!T$3,#REF!,0))) -> #REF! | U18: Yes | V18: p. LGU Applied | W18: For BP Application | AC18: =VLOOKUP(B18,#REF!,19,0) -> #REF! | AP18: =IF(AM18>0,"Tempo Energized",IF(AL18>0,"Tempo Permit Released",IF(AK18>0,"COOP Surveyed",IF(AI18>0,"PO Issued",IF(AG18>0,"PQ Raised",IF(AF18>0,"Vendor Allocated",IF(X18>0,"BP Secured","Not yet endorsed"))))))) -> Not yet endorsed | AQ18: {=IF(AM18>0,(TODAY()-AM18),IF(AL18>0,(TODAY()-AL18),IF(AK18>0,(TODAY()-AK18,IF(AI18>0,(TODAY()-AI18),IF(AG18>0,(TODAY()-AG18),IF(AF18>0,(TODAY()-AF18),IF(X18>0,(TODAY()-X18)," "))))))))} -> FALSE | BD18: =IF(BC18>0,"Permanent Energized",IF(BB18>0,"Bill deposit Paid",IF(BA18>0,"Line Construction Completed",IF(AZ18>0,"Line Construction Started",IF(AX18>0,"PO Issued",IF(AV18>0,"PQ Raised",IF(AU18>0,"BoQ Approved",IF(AT18>0,"BoQ Submitted",IF(AF18>0,"Vendor Allocated",IF(X18>0,"BP Secured",IF(U18>0,"TSSR Approved","Not yet endorsed"))))))))))) -> TSSR Approved | BE18: #VALUE! | BG18: #N/A
B19: PH090083 | C19: NS-BIZ19-B69 | D19: Brgy.Ayala01_ZamboangaCity_ZamboangaDelSur | E19: Marlone | F19: ZAMCELCO | G19: BTS 8 | H19: T8 | I19: MIN | J19: Region IX (Zamboanga Peninsula) | K19: Zamboanga del Sur | L19: City of Zamboanga | M19: 0 | N19: 6.992873 | O19: 121.94626 | P19: t. BP secured | Q19: A - Energized | R19: =IF(INDEX(#REF!,MATCH('data '!$B19,#REF!,0),MATCH('data '!R$3,#REF!,0))=0,"",INDEX(#REF!,MATCH('data '!$B19,#REF!,0),MATCH('data '!R$3,#REF!,0))) -> #REF! | S19: =IF(INDEX(#REF!,MATCH('data '!$B19,#REF!,0),MATCH('data '!S$3,#REF!,0))=0,"",INDEX(#REF!,MATCH('data '!$B19,#REF!,0),MATCH('data '!S$3,#REF!,0))) -> #REF! | T19: =IF(INDEX(#REF!,MATCH('data '!$B19,#REF!,0),MATCH('data '!T$3,#REF!,0))=0,"",INDEX(#REF!,MATCH('data '!$B19,#REF!,0),MATCH('data '!T$3,#REF!,0))) -> #REF! | U19: Yes | V19: x. OP Applied | W19: RTB | X19: Yes | Y19: 45856 | AA19: 45909 | AC19: =VLOOKUP(B19,#REF!,19,0) -> #REF! | AP19: =IF(AM19>0,"Tempo Energized",IF(AL19>0,"Tempo Permit Released",IF(AK19>0,"COOP Surveyed",IF(AI19>0,"PO Issued",IF(AG19>0,"PQ Raised",IF(AF19>0,"Vendor Allocated",IF(X19>0,"BP Secured","Not yet endorsed"))))))) -> BP Secured | AQ19: {=IF(AM19>0,(TODAY()-AM19),IF(AL19>0,(TODAY()-AL19),IF(AK19>0,(TODAY()-AK19,IF(AI19>0,(TODAY()-AI19),IF(AG19>0,(TODAY()-AG19),IF(AF19>0,(TODAY()-AF19),IF(X19>0,(TODAY()-X19)," "))))))))} -> FALSE | BD19: =IF(BC19>0,"Permanent Energized",IF(BB19>0,"Bill deposit Paid",IF(BA19>0,"Line Construction Completed",IF(AZ19>0,"Line Construction Started",IF(AX19>0,"PO Issued",IF(AV19>0,"PQ Raised",IF(AU19>0,"BoQ Approved",IF(AT19>0,"BoQ Submitted",IF(AF19>0,"Vendor Allocated",IF(X19>0,"BP Secured",IF(U19>0,"TSSR Approved","Not yet endorsed"))))))))))) -> BP Secured | BE19: #VALUE! | BG19: #N/A
B20: PH080356 | C20: NS-BIZ19-B99 | D20: Brgy93Bagacay_TaclobanCity_Leyte | E20: Ralph | F20: 0 | G20: BTS 8 | H20: T6 | I20: VIS | J20: Region VIII (Eastern Visayas) | K20: Leyte | L20: 0 | M20: 0 | N20: 0 | O20: 0 | P20: r. BP applied | Q20: 0 | R20: =IF(INDEX(#REF!,MATCH('data '!$B20,#REF!,0),MATCH('data '!R$3,#REF!,0))=0,"",INDEX(#REF!,MATCH('data '!$B20,#REF!,0),MATCH('data '!R$3,#REF!,0))) -> #REF! | S20: =IF(INDEX(#REF!,MATCH('data '!$B20,#REF!,0),MATCH('data '!S$3,#REF!,0))=0,"",INDEX(#REF!,MATCH('data '!$B20,#REF!,0),MATCH('data '!S$3,#REF!,0))) -> #REF! | T20: =IF(INDEX(#REF!,MATCH('data '!$B20,#REF!,0),MATCH('data '!T$3,#REF!,0))=0,"",INDEX(#REF!,MATCH('data '!$B20,#REF!,0),MATCH('data '!T$3,#REF!,0))) -> #REF! | V20: r. BP applied | W20: For BP release | AC20: =VLOOKUP(B20,#REF!,19,0) -> #REF! | AE20: Renagmec Power Corporation | AF20: 45957 | AG20: 45957 | AH20: FTAPPQ0013327 | AI20: 45964 | AJ20: FTAPPO0012433 | AP20: =IF(AM20>0,"Tempo Energized",IF(AL20>0,"Tempo Permit Released",IF(AK20>0,"COOP Surveyed",IF(AI20>0,"PO Issued",IF(AG20>0,"PQ Raised",IF(AF20>0,"Vendor Allocated",IF(X20>0,"BP Secured","Not yet endorsed"))))))) -> PO Issued | AQ20: {=IF(AM20>0,(TODAY()-AM20),IF(AL20>0,(TODAY()-AL20),IF(AK20>0,(TODAY()-AK20,IF(AI20>0,(TODAY()-AI20),IF(AG20>0,(TODAY()-AG20),IF(AF20>0,(TODAY()-AF20),IF(X20>0,(TODAY()-X20)," "))))))))} -> FALSE | BD20: =IF(BC20>0,"Permanent Energized",IF(BB20>0,"Bill deposit Paid",IF(BA20>0,"Line Construction Completed",IF(AZ20>0,"Line Construction Started",IF(AX20>0,"PO Issued",IF(AV20>0,"PQ Raised",IF(AU20>0,"BoQ Approved",IF(AT20>0,"BoQ Submitted",IF(AF20>0,"Vendor Allocated",IF(X20>0,"BP Secured",IF(U20>0,"TSSR Approved","Not yet endorsed"))))))))))) -> Vendor Allocated | BG20: #N/A
B21: PH110606 | C21: NS-BIZ19-C19 | D21: Brgy.Poblacion_Malita(Capital)_DavaoOccidental | E21: Marlone | F21: 0 | G21: BTS 8 | H21: T7 | I21: MIN | J21: Region XI (Davao Region) | K21: Davao Occidental | L21: Malita (Capital) | M21: 0 | N21: 6.41458 | O21: 125.60118 | P21: t. BP secured | Q21: D - Pending Site Development Completion | R21: =IF(INDEX(#REF!,MATCH('data '!$B21,#REF!,0),MATCH('data '!R$3,#REF!,0))=0,"",INDEX(#REF!,MATCH('data '!$B21,#REF!,0),MATCH('data '!R$3,#REF!,0))) -> #REF! | S21: =IF(INDEX(#REF!,MATCH('data '!$B21,#REF!,0),MATCH('data '!S$3,#REF!,0))=0,"",INDEX(#REF!,MATCH('data '!$B21,#REF!,0),MATCH('data '!S$3,#REF!,0))) -> #REF! | T21: =IF(INDEX(#REF!,MATCH('data '!$B21,#REF!,0),MATCH('data '!T$3,#REF!,0))=0,"",INDEX(#REF!,MATCH('data '!$B21,#REF!,0),MATCH('data '!T$3,#REF!,0))) -> #REF! | V21: x. OP Applied | W21: RTB | X21: Yes | Y21: 45869 | Z21: 45877 | AC21: =VLOOKUP(B21,#REF!,19,0) -> #REF! | AP21: =IF(AM21>0,"Tempo Energized",IF(AL21>0,"Tempo Permit Released",IF(AK21>0,"COOP Surveyed",IF(AI21>0,"PO Issued",IF(AG21>0,"PQ Raised",IF(AF21>0,"Vendor Allocated",IF(X21>0,"BP Secured","Not yet endorsed"))))))) -> BP Secured | AQ21: {=IF(AM21>0,(TODAY()-AM21),IF(AL21>0,(TODAY()-AL21),IF(AK21>0,(TODAY()-AK21,IF(AI21>0,(TODAY()-AI21),IF(AG21>0,(TODAY()-AG21),IF(AF21>0,(TODAY()-AF21),IF(X21>0,(TODAY()-X21)," "))))))))} -> FALSE | BD21: =IF(BC21>0,"Permanent Energized",IF(BB21>0,"Bill deposit Paid",IF(BA21>0,"Line Construction Completed",IF(AZ21>0,"Line Construction Started",IF(AX21>0,"PO Issued",IF(AV21>0,"PQ Raised",IF(AU21>0,"BoQ Approved",IF(AT21>0,"BoQ Submitted",IF(AF21>0,"Vendor Allocated",IF(X21>0,"BP Secured",IF(U21>0,"TSSR Approved","Not yet endorsed"))))))))))) -> BP Secured | BE21: #VALUE! | BG21: #N/A
B22: PH070521 | C22: NS-BIZ19-C56 | D22: BrgyCogon_Tagbilaran_Bohol | E22: Ralph | F22: 0 | G22: BTS 8 | H22: T6 | I22: VIS | J22: Region VII (Central Visayas) | K22: Bohol | L22: City of Tagbilaran (Capital) | M22: 0 | N22: 0 | O22: 0 | P22: h. Pending GT TSSR Approval | Q22: 0 | R22: =IF(INDEX(#REF!,MATCH('data '!$B22,#REF!,0),MATCH('data '!R$3,#REF!,0))=0,"",INDEX(#REF!,MATCH('data '!$B22,#REF!,0),MATCH('data '!R$3,#REF!,0))) -> #REF! | S22: =IF(INDEX(#REF!,MATCH('data '!$B22,#REF!,0),MATCH('data '!S$3,#REF!,0))=0,"",INDEX(#REF!,MATCH('data '!$B22,#REF!,0),MATCH('data '!S$3,#REF!,0))) -> #REF! | T22: =IF(INDEX(#REF!,MATCH('data '!$B22,#REF!,0),MATCH('data '!T$3,#REF!,0))=0,"",INDEX(#REF!,MATCH('data '!$B22,#REF!,0),MATCH('data '!T$3,#REF!,0))) -> #REF! | V22: p. LGU Applied | W22: For BP Application | AC22: =VLOOKUP(B22,#REF!,19,0) -> #REF! | AP22: =IF(AM22>0,"Tempo Energized",IF(AL22>0,"Tempo Permit Released",IF(AK22>0,"COOP Surveyed",IF(AI22>0,"PO Issued",IF(AG22>0,"PQ Raised",IF(AF22>0,"Vendor Allocated",IF(X22>0,"BP Secured","Not yet endorsed"))))))) -> Not yet endorsed | AQ22: {=IF(AM22>0,(TODAY()-AM22),IF(AL22>0,(TODAY()-AL22),IF(AK22>0,(TODAY()-AK22,IF(AI22>0,(TODAY()-AI22),IF(AG22>0,(TODAY()-AG22),IF(AF22>0,(TODAY()-AF22),IF(X22>0,(TODAY()-X22)," "))))))))} -> FALSE | BD22: =IF(BC22>0,"Permanent Energized",IF(BB22>0,"Bill deposit Paid",IF(BA22>0,"Line Construction Completed",IF(AZ22>0,"Line Construction Started",IF(AX22>0,"PO Issued",IF(AV22>0,"PQ Raised",IF(AU22>0,"BoQ Approved",IF(AT22>0,"BoQ Submitted",IF(AF22>0,"Vendor Allocated",IF(X22>0,"BP Secured",IF(U22>0,"TSSR Approved","Not yet endorsed"))))))))))) -> Not yet endorsed | BG22: #N/A
B23: PH150158 | C23: NS-BIZ19-C94 | D23: BrgyGobgob_TabukCity_Kalinga | E23: Marilyn | F23: KAELCO | G23: BTS 8 | H23: T1 | I23: NLZ | J23: Cordillera Administrative Region (CAR) | K23: Kalinga | L23: City of Tabuk (Capital) | M23: 0 | N23: 17.4737 | O23: 121.4321 | P23: c. Ongoing candidate pre-approval | Q23: L - Under pre-construction | R23: =IF(INDEX(#REF!,MATCH('data '!$B23,#REF!,0),MATCH('data '!R$3,#REF!,0))=0,"",INDEX(#REF!,MATCH('data '!$B23,#REF!,0),MATCH('data '!R$3,#REF!,0))) -> #REF! | S23: =IF(INDEX(#REF!,MATCH('data '!$B23,#REF!,0),MATCH('data '!S$3,#REF!,0))=0,"",INDEX(#REF!,MATCH('data '!$B23,#REF!,0),MATCH('data '!S$3,#REF!,0))) -> #REF! | T23: =IF(INDEX(#REF!,MATCH('data '!$B23,#REF!,0),MATCH('data '!T$3,#REF!,0))=0,"",INDEX(#REF!,MATCH('data '!$B23,#REF!,0),MATCH('data '!T$3,#REF!,0))) -> #REF! | V23: z.1 Returned site | W23: 0 | AC23: =VLOOKUP(B23,#REF!,19,0) -> #REF! | AE23: Carlson Electrical Supply and Services | AP23: =IF(AM23>0,"Tempo Energized",IF(AL23>0,"Tempo Permit Released",IF(AK23>0,"COOP Surveyed",IF(AI23>0,"PO Issued",IF(AG23>0,"PQ Raised",IF(AE23>0,"Vendor Allocated",IF(X23>0,"BP Secured","Not yet endorsed"))))))) -> Vendor Allocated | AQ23: {=IF(AM23>0,(TODAY()-AM23),IF(AL23>0,(TODAY()-AL23),IF(AK23>0,(TODAY()-AK23,IF(AI23>0,(TODAY()-AI23),IF(AG23>0,(TODAY()-AG23),IF(AE23>0,(TODAY()-AE23),IF(X23>0,(TODAY()-X23)," "))))))))} -> FALSE | BD23: =IF(BC23>0,"Permanent Energized",IF(BB23>0,"Bill deposit Paid",IF(BA23>0,"Line Construction Completed",IF(AZ23>0,"Line Construction Started",IF(AX23>0,"PO Issued",IF(AV23>0,"PQ Raised",IF(AU23>0,"BoQ Approved",IF(AT23>0,"BoQ Submitted",IF(AE23>0,"Vendor Allocated",IF(X23>0,"BP Secured",IF(U23>0,"TSSR Approved","Not yet endorsed"))))))))))) -> Vendor Allocated | BG23: #N/A | BH23: #REF!
B24: PH140219 | C24: NS-BIZ19-D61 | D24: Brgy.Lebbuh_LamitanCity(Capital)_Basilan | E24: Marlone | F24: BASELCO | G24: BTS 8 | H24: T8 | I24: MIN | J24: Autonomous Region In Muslim Mindanao (ARMM) | K24: Basilan | L24: City of Lamitan (Capital) | M24: 0 | N24: 6.5645383 | O24: 122.17411 | P24: t. BP secured | Q24: E - Pending Tower Erection Completion | R24: =IF(INDEX(#REF!,MATCH('data '!$B24,#REF!,0),MATCH('data '!R$3,#REF!,0))=0,"",INDEX(#REF!,MATCH('data '!$B24,#REF!,0),MATCH('data '!R$3,#REF!,0))) -> #REF! | S24: =IF(INDEX(#REF!,MATCH('data '!$B24,#REF!,0),MATCH('data '!S$3,#REF!,0))=0,"",INDEX(#REF!,MATCH('data '!$B24,#REF!,0),MATCH('data '!S$3,#REF!,0))) -> #REF! | T24: =IF(INDEX(#REF!,MATCH('data '!$B24,#REF!,0),MATCH('data '!T$3,#REF!,0))=0,"",INDEX(#REF!,MATCH('data '!$B24,#REF!,0),MATCH('data '!T$3,#REF!,0))) -> #REF! | V24: t. BP secured | W24: RTB | X24: Yes | Y24: 45873 | AC24: =VLOOKUP(B24,#REF!,19,0) -> #REF! | AP24: =IF(AM24>0,"Tempo Energized",IF(AL24>0,"Tempo Permit Released",IF(AK24>0,"COOP Surveyed",IF(AI24>0,"PO Issued",IF(AG24>0,"PQ Raised",IF(AF24>0,"Vendor Allocated",IF(X24>0,"BP Secured","Not yet endorsed"))))))) -> BP Secured | AQ24: {=IF(AM24>0,(TODAY()-AM24),IF(AL24>0,(TODAY()-AL24),IF(AK24>0,(TODAY()-AK24,IF(AI24>0,(TODAY()-AI24),IF(AG24>0,(TODAY()-AG24),IF(AF24>0,(TODAY()-AF24),IF(X24>0,(TODAY()-X24)," "))))))))} -> FALSE | BD24: =IF(BC24>0,"Permanent Energized",IF(BB24>0,"Bill deposit Paid",IF(BA24>0,"Line Construction Completed",IF(AZ24>0,"Line Construction Started",IF(AX24>0,"PO Issued",IF(AV24>0,"PQ Raised",IF(AU24>0,"BoQ Approved",IF(AT24>0,"BoQ Submitted",IF(AF24>0,"Vendor Allocated",IF(X24>0,"BP Secured",IF(U24>0,"TSSR Approved","Not yet endorsed"))))))))))) -> BP Secured | BE24: #VALUE! | BG24: #N/A
B25: PH020194 | C25: NS-BIZ19-E27 | D25: BrgyAguiguican_Gattaran_Cagayan | E25: Arjay | F25: CAGELCO II | G25: BTS 8 | H25: T1 | I25: NLZ | J25: Region II (Cagayan Valley) | K25: Cagayan | L25: Gattaran | M25: 0 | N25: 18.10175 | O25: 121.66306 | P25: t. BP secured | Q25: G - Pending Foundation Completion | R25: =IF(INDEX(#REF!,MATCH('data '!$B25,#REF!,0),MATCH('data '!R$3,#REF!,0))=0,"",INDEX(#REF!,MATCH('data '!$B25,#REF!,0),MATCH('data '!R$3,#REF!,0))) -> #REF! | S25: =IF(INDEX(#REF!,MATCH('data '!$B25,#REF!,0),MATCH('data '!S$3,#REF!,0))=0,"",INDEX(#REF!,MATCH('data '!$B25,#REF!,0),MATCH('data '!S$3,#REF!,0))) -> #REF! | T25: =IF(INDEX(#REF!,MATCH('data '!$B25,#REF!,0),MATCH('data '!T$3,#REF!,0))=0,"",INDEX(#REF!,MATCH('data '!$B25,#REF!,0),MATCH('data '!T$3,#REF!,0))) -> #REF! | U25: Yes | V25: u. RTB | W25: RTB | X25: Yes | Y25: 45842 | AC25: =VLOOKUP(B25,#REF!,19,0) -> #REF! | AE25: Bangayan Electrical Services | AF25: 45908 | AG25: 45908 | AH25: FTAPPQ0012901 | AI25: 45936 | AJ25: FTAPPO0012036 | AK25: 46010 | AL25: 45915 | AM25: 46014 | AP25: =IF(AM25>0,"Tempo Energized",IF(AL25>0,"Tempo Permit Released",IF(AK25>0,"COOP Surveyed",IF(AI25>0,"PO Issued",IF(AG25>0,"PQ Raised",IF(AF25>0,"Vendor Allocated",IF(X25>0,"BP Secured","Not yet endorsed"))))))) -> Tempo Energized | AS25: 10/6/25: Waiting for TTC energization; Transformer Testing 10/15/25 10/5/25: PQ raised, takeover from Northflash | AT25: 45931 | AU25: 45945 | AV25: 45945 | AW25: FTAPPQ0013136 | AX25: 45958 | AY25: FTAPPO0012305 | BD25: =IF(BC25>0,"Permanent Energized",IF(BB25>0,"Bill deposit Paid",IF(BA25>0,"Line Construction Completed",IF(AZ25>0,"Line Construction Started",IF(AX25>0,"PO Issued",IF(AV25>0,"PQ Raised",IF(AU25>0,"BoQ Approved",IF(AT25>0,"BoQ Submitted",IF(AF25>0,"Vendor Allocated",IF(X25>0,"BP Secured",IF(U25>0,"TSSR Approved","Not yet endorsed"))))))))))) -> PO Issued | BE25: 9 | BF25: 10/6/26: Waiting Signed Staking sheet release/ Waiver for permanent construction | BG25: #N/A | BH25: #REF!
B26: PH130150 | C26: NS-BIZ19-F71 | D26: TouristRoad_BrgyPoblacionVGenLuna_SDN | E26: Marlone | F26: SIARELCO | G26: BTS 8 | H26: T8 | I26: MIN | J26: Region XIII (Caraga) | K26: Surigao del Norte | L26: General Luna | M26: 0 | N26: 0 | O26: 0 | P26: p. LGU Applied | Q26: L - Under pre-construction | R26: =IF(INDEX(#REF!,MATCH('data '!$B26,#REF!,0),MATCH('data '!R$3,#REF!,0))=0,"",INDEX(#REF!,MATCH('data '!$B26,#REF!,0),MATCH('data '!R$3,#REF!,0))) -> #REF! | S26: =IF(INDEX(#REF!,MATCH('data '!$B26,#REF!,0),MATCH('data '!S$3,#REF!,0))=0,"",INDEX(#REF!,MATCH('data '!$B26,#REF!,0),MATCH('data '!S$3,#REF!,0))) -> #REF! | T26: =IF(INDEX(#REF!,MATCH('data '!$B26,#REF!,0),MATCH('data '!T$3,#REF!,0))=0,"",INDEX(#REF!,MATCH('data '!$B26,#REF!,0),MATCH('data '!T$3,#REF!,0))) -> #REF! | U26: Yes | V26: p. LGU Applied | W26: For BP Application | AC26: =VLOOKUP(B26,#REF!,19,0) -> #REF! | AP26: =IF(AM26>0,"Tempo Energized",IF(AL26>0,"Tempo Permit Released",IF(AK26>0,"COOP Surveyed",IF(AI26>0,"PO Issued",IF(AG26>0,"PQ Raised",IF(AF26>0,"Vendor Allocated",IF(X26>0,"BP Secured","Not yet endorsed"))))))) -> Not yet endorsed | AQ26: {=IF(AM26>0,(TODAY()-AM26),IF(AL26>0,(TODAY()-AL26),IF(AK26>0,(TODAY()-AK26,IF(AI26>0,(TODAY()-AI26),IF(AG26>0,(TODAY()-AG26),IF(AF26>0,(TODAY()-AF26),IF(X26>0,(TODAY()-X26)," "))))))))} -> FALSE | BD26: =IF(BC26>0,"Permanent Energized",IF(BB26>0,"Bill deposit Paid",IF(BA26>0,"Line Construction Completed",IF(AZ26>0,"Line Construction Started",IF(AX26>0,"PO Issued",IF(AV26>0,"PQ Raised",IF(AU26>0,"BoQ Approved",IF(AT26>0,"BoQ Submitted",IF(AF26>0,"Vendor Allocated",IF(X26>0,"BP Secured",IF(U26>0,"TSSR Approved","Not yet endorsed"))))))))))) -> TSSR Approved | BE26: #VALUE! | BG26: #N/A
B27: PH030880 | C27: NS-BIZ20-A20 | D27: MtSamatShrine_BrgyDiwa_Pilar_Bataan_LGU | E27: CJ | F27: PENELCO | G27: BTS 8 | H27: T2 | I27: NLZ | J27: Region III (Central Luzon) | K27: Bataan | L27: Pilar | M27: 0 | N27: 0 | O27: 0 | P27: e.1. Pending JTSS Actual | Q27: L - Under pre-construction | R27: =IF(INDEX(#REF!,MATCH('data '!$B27,#REF!,0),MATCH('data '!R$3,#REF!,0))=0,"",INDEX(#REF!,MATCH('data '!$B27,#REF!,0),MATCH('data '!R$3,#REF!,0))) -> #REF! | S27: =IF(INDEX(#REF!,MATCH('data '!$B27,#REF!,0),MATCH('data '!S$3,#REF!,0))=0,"",INDEX(#REF!,MATCH('data '!$B27,#REF!,0),MATCH('data '!S$3,#REF!,0))) -> #REF! | T27: =IF(INDEX(#REF!,MATCH('data '!$B27,#REF!,0),MATCH('data '!T$3,#REF!,0))=0,"",INDEX(#REF!,MATCH('data '!$B27,#REF!,0),MATCH('data '!T$3,#REF!,0))) -> #REF! | V27: a.2. Long lead time | W27: 0 | AC27: =VLOOKUP(B27,#REF!,19,0) -> #REF! | AP27: =IF(AM27>0,"Tempo Energized",IF(AL27>0,"Tempo Permit Released",IF(AK27>0,"COOP Surveyed",IF(AI27>0,"PO Issued",IF(AG27>0,"PQ Raised",IF(AF27>0,"Vendor Allocated",IF(X27>0,"BP Secured","Not yet endorsed"))))))) -> Not yet endorsed | AQ27: {=IF(AM27>0,(TODAY()-AM27),IF(AL27>0,(TODAY()-AL27),IF(AK27>0,(TODAY()-AK27,IF(AI27>0,(TODAY()-AI27),IF(AG27>0,(TODAY()-AG27),IF(AF27>0,(TODAY()-AF27),IF(X27>0,(TODAY()-X27)," "))))))))} -> FALSE | BD27: =IF(BC27>0,"Permanent Energized",IF(BB27>0,"Bill deposit Paid",IF(BA27>0,"Line Construction Completed",IF(AZ27>0,"Line Construction Started",IF(AX27>0,"PO Issued",IF(AV27>0,"PQ Raised",IF(AU27>0,"BoQ Approved",IF(AT27>0,"BoQ Submitted",IF(AF27>0,"Vendor Allocated",IF(X27>0,"BP Secured",IF(U27>0,"TSSR Approved","Not yet endorsed"))))))))))) -> Not yet endorsed | BG27: #N/A
B28: PH130011 | C28: NS-BIZ20-A96 | D28: Brgy.Cortes_Basilisa(Rizal)_DinagatIslands | E28: Marlone | F28: DIELCO | G28: BTS 8 | H28: T8 | I28: MIN | J28: Region XIII (Caraga) | K28: Dinagat Islands | L28: Basilisa | M28: 0 | N28: 10.072376 | O28: 125.53834 | P28: t. BP secured | Q28: L - Under pre-construction | R28: =IF(INDEX(#REF!,MATCH('data '!$B28,#REF!,0),MATCH('data '!R$3,#REF!,0))=0,"",INDEX(#REF!,MATCH('data '!$B28,#REF!,0),MATCH('data '!R$3,#REF!,0))) -> #REF! | S28: =IF(INDEX(#REF!,MATCH('data '!$B28,#REF!,0),MATCH('data '!S$3,#REF!,0))=0,"",INDEX(#REF!,MATCH('data '!$B28,#REF!,0),MATCH('data '!S$3,#REF!,0))) -> #REF! | T28: =IF(INDEX(#REF!,MATCH('data '!$B28,#REF!,0),MATCH('data '!T$3,#REF!,0))=0,"",INDEX(#REF!,MATCH('data '!$B28,#REF!,0),MATCH('data '!T$3,#REF!,0))) -> #REF! | V28: t. BP secured | W28: RTB | X28: Yes | Y28: 45905 | AC28: =VLOOKUP(B28,#REF!,19,0) -> #REF! | AP28: =IF(AM28>0,"Tempo Energized",IF(AL28>0,"Tempo Permit Released",IF(AK28>0,"COOP Surveyed",IF(AI28>0,"PO Issued",IF(AG28>0,"PQ Raised",IF(AF28>0,"Vendor Allocated",IF(X28>0,"BP Secured","Not yet endorsed"))))))) -> BP Secured | AQ28: {=IF(AM28>0,(TODAY()-AM28),IF(AL28>0,(TODAY()-AL28),IF(AK28>0,(TODAY()-AK28,IF(AI28>0,(TODAY()-AI28),IF(AG28>0,(TODAY()-AG28),IF(AF28>0,(TODAY()-AF28),IF(X28>0,(TODAY()-X28)," "))))))))} -> FALSE | BD28: =IF(BC28>0,"Permanent Energized",IF(BB28>0,"Bill deposit Paid",IF(BA28>0,"Line Construction Completed",IF(AZ28>0,"Line Construction Started",IF(AX28>0,"PO Issued",IF(AV28>0,"PQ Raised",IF(AU28>0,"BoQ Approved",IF(AT28>0,"BoQ Submitted",IF(AF28>0,"Vendor Allocated",IF(X28>0,"BP Secured",IF(U28>0,"TSSR Approved","Not yet endorsed"))))))))))) -> BP Secured | BE28: #VALUE! | BG28: #N/A
B29: PH070512 | C29: NS-BIZ20-B27 | D29: BrgySanta Cruz_SAN FRANCISCO_CEBU | E29: Ralph | F29: 0 | G29: BTS 8 | H29: T6 | I29: VIS | J29: Region VII (Central Visayas) | K29: Cebu | L29: 0 | M29: 0 | N29: 0 | O29: 0 | P29: n. Ongoing brgy permitting | Q29: 0 | R29: =IF(INDEX(#REF!,MATCH('data '!$B29,#REF!,0),MATCH('data '!R$3,#REF!,0))=0,"",INDEX(#REF!,MATCH('data '!$B29,#REF!,0),MATCH('data '!R$3,#REF!,0))) -> #REF! | S29: =IF(INDEX(#REF!,MATCH('data '!$B29,#REF!,0),MATCH('data '!S$3,#REF!,0))=0,"",INDEX(#REF!,MATCH('data '!$B29,#REF!,0),MATCH('data '!S$3,#REF!,0))) -> #REF! | T29: =IF(INDEX(#REF!,MATCH('data '!$B29,#REF!,0),MATCH('data '!T$3,#REF!,0))=0,"",INDEX(#REF!,MATCH('data '!$B29,#REF!,0),MATCH('data '!T$3,#REF!,0))) -> #REF! | V29: n. Ongoing brgy permitting | W29: Ongoing Brgy. Permitting | AC29: =VLOOKUP(B29,#REF!,19,0) -> #REF! | AP29: =IF(AM29>0,"Tempo Energized",IF(AL29>0,"Tempo Permit Released",IF(AK29>0,"COOP Surveyed",IF(AI29>0,"PO Issued",IF(AG29>0,"PQ Raised",IF(AF29>0,"Vendor Allocated",IF(X29>0,"BP Secured","Not yet endorsed"))))))) -> Not yet endorsed | AQ29: {=IF(AM29>0,(TODAY()-AM29),IF(AL29>0,(TODAY()-AL29),IF(AK29>0,(TODAY()-AK29,IF(AI29>0,(TODAY()-AI29),IF(AG29>0,(TODAY()-AG29),IF(AF29>0,(TODAY()-AF29),IF(X29>0,(TODAY()-X29)," "))))))))} -> FALSE | BD29: =IF(BC29>0,"Permanent Energized",IF(BB29>0,"Bill deposit Paid",IF(BA29>0,"Line Construction Completed",IF(AZ29>0,"Line Construction Started",IF(AX29>0,"PO Issued",IF(AV29>0,"PQ Raised",IF(AU29>0,"BoQ Approved",IF(AT29>0,"BoQ Submitted",IF(AF29>0,"Vendor Allocated",IF(X29>0,"BP Secured",IF(U29>0,"TSSR Approved","Not yet endorsed"))))))))))) -> Not yet endorsed | BG29: #N/A
B30: PH030865 | C30: NS-BIZ20-C97 | D30: BrgyDiome_MariaAurora_Aurora | E30: CJ | F30: AURELCO | G30: BTS 8 | H30: T1 | I30: NLZ | J30: Region III (Central Luzon) | K30: Aurora | L30: Maria Aurora | M30: 0 | N30: 15.764825 | O30: 121.47094 | P30: t. BP secured | Q30: C - Pending Post-Con Permit Approval | R30: =IF(INDEX(#REF!,MATCH('data '!$B30,#REF!,0),MATCH('data '!R$3,#REF!,0))=0,"",INDEX(#REF!,MATCH('data '!$B30,#REF!,0),MATCH('data '!R$3,#REF!,0))) -> #REF! | S30: =IF(INDEX(#REF!,MATCH('data '!$B30,#REF!,0),MATCH('data '!S$3,#REF!,0))=0,"",INDEX(#REF!,MATCH('data '!$B30,#REF!,0),MATCH('data '!S$3,#REF!,0))) -> #REF! | T30: =IF(INDEX(#REF!,MATCH('data '!$B30,#REF!,0),MATCH('data '!T$3,#REF!,0))=0,"",INDEX(#REF!,MATCH('data '!$B30,#REF!,0),MATCH('data '!T$3,#REF!,0))) -> #REF! | U30: Yes | V30: y. OP secured | W30: RTB | X30: Yes | Y30: 45807 | AA30: 20/08/2025 | AC30: =VLOOKUP(B30,#REF!,19,0) -> #REF! | AE30: Bangayan Electrical Services | AF30: 45912 | AG30: 45943 | AH30: FTAPPQ0013085 | AI30: 45945 | AJ30: FTAPPO0012250 | AK30: 45936 | AL30: 45940 | AM30: 46007 | AP30: =IF(AM30>0,"Tempo Energized",IF(AL30>0,"Tempo Permit Released",IF(AK30>0,"COOP Surveyed",IF(AI30>0,"PO Issued",IF(AG30>0,"PQ Raised",IF(AF30>0,"Vendor Allocated",IF(X30>0,"BP Secured","Not yet endorsed"))))))) -> Tempo Energized | AQ30: {=IF(AM30>0,(TODAY()-AM30),IF(AL30>0,(TODAY()-AL30),IF(AK30>0,(TODAY()-AK30,IF(AI30>0,(TODAY()-AI30),IF(AG30>0,(TODAY()-AG30),IF(AF30>0,(TODAY()-AF30),IF(X30>0,(TODAY()-X30)," "))))))))} -> 99 | AR30: Original BP, EP needed. Requested to SAQ team. | AS30: 10/20/2025: Applied TTC. JTSS done, LC done, for energization once restoration in the area is done due to typhoon. 10/12/2025: Applied TTC, for temperament solution | AT30: 45903 | AU30: 45929 | AV30: 45929 | AW30: FTAPPQ0012845 | AX30: 45933 | AY30: FTAPPO0011986 | BD30: =IF(BC30>0,"Permanent Energized",IF(BB30>0,"Bill deposit Paid",IF(BA30>0,"Line Construction Completed",IF(AZ30>0,"Line Construction Started",IF(AX30>0,"PO Issued",IF(AV30>0,"PQ Raised",IF(AU30>0,"BoQ Approved",IF(AT30>0,"BoQ Submitted",IF(AF30>0,"Vendor Allocated",IF(X30>0,"BP Secured",IF(U30>0,"TSSR Approved","Not yet endorsed"))))))))))) -> PO Issued | BE30: 7 | BF30: 10/20/2025: Postcon permits needed. For transformer testing. 10/6/2025: Waiting for NTP release for Construction | BG30: #N/A | BH30: CFEI, OP
B31: PH010343 | C31: NS-BIZ20-D02 | D31: BrgyNapu_Badoc_IlocosNorte | E31: Arjay | F31: INEC | G31: BTS 8 | H31: T1 | I31: NLZ | J31: Region I (Ilocos Region) | K31: Ilocos Norte | L31: Badoc | M31: 0 | N31: 17.94223 | O31: 120.4962 | P31: t. BP secured | Q31: C - Pending Post-Con Permit Approval | R31: =IF(INDEX(#REF!,MATCH('data '!$B31,#REF!,0),MATCH('data '!R$3,#REF!,0))=0,"",INDEX(#REF!,MATCH('data '!$B31,#REF!,0),MATCH('data '!R$3,#REF!,0))) -> #REF! | S31: =IF(INDEX(#REF!,MATCH('data '!$B31,#REF!,0),MATCH('data '!S$3,#REF!,0))=0,"",INDEX(#REF!,MATCH('data '!$B31,#REF!,0),MATCH('data '!S$3,#REF!,0))) -> #REF! | T31: =IF(INDEX(#REF!,MATCH('data '!$B31,#REF!,0),MATCH('data '!T$3,#REF!,0))=0,"",INDEX(#REF!,MATCH('data '!$B31,#REF!,0),MATCH('data '!T$3,#REF!,0))) -> #REF! | U31: Yes | V31: y. OP secured | W31: RTB | X31: Yes | Y31: 45819 | Z31: 45784 | AA31: 29/09/2025 | AC31: =VLOOKUP(B31,#REF!,19,0) -> #REF! | AE31: BK Engineering Services | AF31: 45905 | AG31: 45946 | AH31: FTAPPQ0013159 | AI31: 45950 | AJ31: FTAPPO0012292 | AP31: =IF(AM31>0,"Tempo Energized",IF(AL31>0,"Tempo Permit Released",IF(AK31>0,"COOP Surveyed",IF(AI31>0,"PO Issued",IF(AG31>0,"PQ Raised",IF(AF31>0,"Vendor Allocated",IF(X31>0,"BP Secured","Not yet endorsed"))))))) -> PO Issued | AQ31: {=IF(AM31>0,(TODAY()-AM31),IF(AL31>0,(TODAY()-AL31),IF(AK31>0,(TODAY()-AK31,IF(AI31>0,(TODAY()-AI31),IF(AG31>0,(TODAY()-AG31),IF(AF31>0,(TODAY()-AF31),IF(X31>0,(TODAY()-X31)," "))))))))} -> FALSE | AT31: 45912 | AU31: 45939 | AV31: 45939 | AW31: FTAPPQ0013022 | AX31: 45943 | AY31: FTAPPO0012152 | BD31: =IF(BC31>0,"Permanent Energized",IF(BB31>0,"Bill deposit Paid",IF(BA31>0,"Line Construction Completed",IF(AZ31>0,"Line Construction Started",IF(AX31>0,"PO Issued",IF(AV31>0,"PQ Raised",IF(AU31>0,"BoQ Approved",IF(AT31>0,"BoQ Submitted",IF(AF31>0,"Vendor Allocated",IF(X31>0,"BP Secured",IF(U31>0,"TSSR Approved","Not yet endorsed"))))))))))) -> PO Issued | BE31: 1 | BF31: 10/17/25: RoW ongoing 10/7/25: Waiting BoQ Approval | BG31: #N/A | BH31: #REF!
B32: PH010364 | C32: NS-BIZ20-D26 | D32: BrgySarmingan_Narvacan_IlocosSur | E32: Arjay | F32: ISECO | G32: BTS 8 | H32: T1 | I32: NLZ | J32: Region I (Ilocos Region) | K32: Ilocos Sur | L32: Narvacan | M32: 0 | N32: 0 | O32: 0 | P32: n. Ongoing brgy permitting | Q32: L - Under pre-construction | R32: =IF(INDEX(#REF!,MATCH('data '!$B32,#REF!,0),MATCH('data '!R$3,#REF!,0))=0,"",INDEX(#REF!,MATCH('data '!$B32,#REF!,0),MATCH('data '!R$3,#REF!,0))) -> #REF! | S32: =IF(INDEX(#REF!,MATCH('data '!$B32,#REF!,0),MATCH('data '!S$3,#REF!,0))=0,"",INDEX(#REF!,MATCH('data '!$B32,#REF!,0),MATCH('data '!S$3,#REF!,0))) -> #REF! | T32: =IF(INDEX(#REF!,MATCH('data '!$B32,#REF!,0),MATCH('data '!T$3,#REF!,0))=0,"",INDEX(#REF!,MATCH('data '!$B32,#REF!,0),MATCH('data '!T$3,#REF!,0))) -> #REF! | U32: Yes | V32: o. with Brgy clearance | W32: For Zone Application | AC32: =VLOOKUP(B32,#REF!,19,0) -> #REF! | AE32: BK Engineering Services | AF32: 45938 | AP32: =IF(AM32>0,"Tempo Energized",IF(AL32>0,"Tempo Permit Released",IF(AK32>0,"COOP Surveyed",IF(AI32>0,"PO Issued",IF(AG32>0,"PQ Raised",IF(AF32>0,"Vendor Allocated",IF(X32>0,"BP Secured","Not yet endorsed"))))))) -> Vendor Allocated | AQ32: {=IF(AM32>0,(TODAY()-AM32),IF(AL32>0,(TODAY()-AL32),IF(AK32>0,(TODAY()-AK32,IF(AI32>0,(TODAY()-AI32),IF(AG32>0,(TODAY()-AG32),IF(AF32>0,(TODAY()-AF32),IF(X32>0,(TODAY()-X32)," "))))))))} -> FALSE | BD32: =IF(BC32>0,"Permanent Energized",IF(BB32>0,"Bill deposit Paid",IF(BA32>0,"Line Construction Completed",IF(AZ32>0,"Line Construction Started",IF(AX32>0,"PO Issued",IF(AV32>0,"PQ Raised",IF(AU32>0,"BoQ Approved",IF(AT32>0,"BoQ Submitted",IF(AF32>0,"Vendor Allocated",IF(X32>0,"BP Secured",IF(U32>0,"TSSR Approved","Not yet endorsed"))))))))))) -> Vendor Allocated | BE32: 2 | BG32: BK ENGINEERING | BH32: #REF!
B33: PH030789 | C33: NS-BIZ20-E55 | D33: BrgyDuale_Limay_Bataan | E33: Marilyn | F33: PENELCO | G33: BTS 7 | H33: T2 | I33: NLZ | J33: #N/A | K33: #N/A | L33: #N/A | M33: #N/A | N33: #N/A | O33: #N/A | P33: #N/A | Q33: #N/A | R33: Permanent Energized | S33: =IF(INDEX(#REF!,MATCH('data '!$B33,#REF!,0),MATCH('data '!S$3,#REF!,0))=0,"",INDEX(#REF!,MATCH('data '!$B33,#REF!,0),MATCH('data '!S$3,#REF!,0))) -> #REF! | T33: =IF(INDEX(#REF!,MATCH('data '!$B33,#REF!,0),MATCH('data '!T$3,#REF!,0))=0,"",INDEX(#REF!,MATCH('data '!$B33,#REF!,0),MATCH('data '!T$3,#REF!,0))) -> #REF! | V33: 0 | W33: RTB | X33: Yes | Y33: 45677 | AC33: =VLOOKUP(B33,#REF!,19,0) -> #REF! | AE33: Larc Telecoms, Inc. | AP33: =IF(AM33>0,"Tempo Energized",IF(AL33>0,"Tempo Permit Released",IF(AK33>0,"COOP Surveyed",IF(AI33>0,"PO Issued",IF(AG33>0,"PQ Raised",IF(AF33>0,"Vendor Allocated",IF(X33>0,"BP Secured","Not yet endorsed"))))))) -> BP Secured | AQ33: {=IF(AM33>0,(TODAY()-AM33),IF(AL33>0,(TODAY()-AL33),IF(AK33>0,(TODAY()-AK33,IF(AI33>0,(TODAY()-AI33),IF(AG33>0,(TODAY()-AG33),IF(AF33>0,(TODAY()-AF33),IF(X33>0,(TODAY()-X33)," "))))))))} -> FALSE | AS33: Permanent power energized | AT33: 45959 | AU33: 45959 | AV33: 45959 | AW33: FTAPPQ0013390 | AX33: 45964 | AY33: FTAPPO0012506 | AZ33: 45971 | BA33: 45976 | BB33: 45981 | BC33: 45988 | BD33: =IF(BC33>0,"Permanent Energized",IF(BB33>0,"Bill deposit Paid",IF(BA33>0,"Line Construction Completed",IF(AZ33>0,"Line Construction Started",IF(AX33>0,"PO Issued",IF(AV33>0,"PQ Raised",IF(AU33>0,"BoQ Approved",IF(AT33>0,"BoQ Submitted",IF(AF33>0,"Vendor Allocated",IF(X33>0,"BP Secured",IF(U33>0,"TSSR Approved","Not yet endorsed"))))))))))) -> Permanent Energized | BG33: #N/A
B34: PH100353 | C34: NS-BIZ20-F83 | D34: Brgy.ApoMacote_MalaybalayCity(Capital)_Bukidnon | E34: Marlone | F34: BUSECO | G34: BTS 8 | H34: T8 | I34: MIN | J34: Region X (Northern Mindanao) | K34: Bukidnon | L34: City of Malaybalay (Capital) | M34: Purok 6 | N34: 7.9762 | O34: 125.2084 | P34: t. BP secured | Q34: A - Energized | R34: =IF(INDEX(#REF!,MATCH('data '!$B34,#REF!,0),MATCH('data '!R$3,#REF!,0))=0,"",INDEX(#REF!,MATCH('data '!$B34,#REF!,0),MATCH('data '!R$3,#REF!,0))) -> #REF! | S34: =IF(INDEX(#REF!,MATCH('data '!$B34,#REF!,0),MATCH('data '!S$3,#REF!,0))=0,"",INDEX(#REF!,MATCH('data '!$B34,#REF!,0),MATCH('data '!S$3,#REF!,0))) -> #REF! | T34: =IF(INDEX(#REF!,MATCH('data '!$B34,#REF!,0),MATCH('data '!T$3,#REF!,0))=0,"",INDEX(#REF!,MATCH('data '!$B34,#REF!,0),MATCH('data '!T$3,#REF!,0))) -> #REF! | U34: Yes | V34: x. OP Applied | W34: RTB | X34: Yes | Y34: 45754 | AA34: 20/07/2025 | AC34: =VLOOKUP(B34,#REF!,19,0) -> #REF! | AE34: Diomon Electrical Services | AK34: 45755 | AP34: =IF(AM34>0,"Tempo Energized",IF(AL34>0,"Tempo Permit Released",IF(AK34>0,"COOP Surveyed",IF(AI34>0,"PO Issued",IF(AG34>0,"PQ Raised",IF(AF34>0,"Vendor Allocated",IF(X34>0,"BP Secured","Not yet endorsed"))))))) -> COOP Surveyed | AQ34: {=IF(AM34>0,(TODAY()-AM34),IF(AL34>0,(TODAY()-AL34),IF(AK34>0,(TODAY()-AK34,IF(AI34>0,(TODAY()-AI34),IF(AG34>0,(TODAY()-AG34),IF(AF34>0,(TODAY()-AF34),IF(X34>0,(TODAY()-X34)," "))))))))} -> #VALUE! | AT34: TBC | AU34: 45781 | AV34: 45783 | AX34: 45786 | BD34: =IF(BC34>0,"Permanent Energized",IF(BB34>0,"Bill deposit Paid",IF(BA34>0,"Line Construction Completed",IF(AZ34>0,"Line Construction Started",IF(AX34>0,"PO Issued",IF(AV34>0,"PQ Raised",IF(AU34>0,"BoQ Approved",IF(AT34>0,"BoQ Submitted",IF(AF34>0,"Vendor Allocated",IF(X34>0,"BP Secured",IF(U34>0,"TSSR Approved","Not yet endorsed"))))))))))) -> PO Issued | BE34: 154 | BG34: #N/A
B35: PH100351 | C35: NS-BIZ20-G10 | D35: Brgy.SaintPeter_MalaybalayCity(Capital)_Bukidnon | E35: Marlone | F35: BUSECO | G35: BTS 8 | H35: T8 | I35: MIN | J35: Region X (Northern Mindanao) | K35: Bukidnon | L35: City of Malaybalay (Capital) | M35: 0 | N35: 0 | O35: 0 | P35: r. BP applied | Q35: L - Under pre-construction | R35: =IF(INDEX(#REF!,MATCH('data '!$B35,#REF!,0),MATCH('data '!R$3,#REF!,0))=0,"",INDEX(#REF!,MATCH('data '!$B35,#REF!,0),MATCH('data '!R$3,#REF!,0))) -> #REF! | S35: =IF(INDEX(#REF!,MATCH('data '!$B35,#REF!,0),MATCH('data '!S$3,#REF!,0))=0,"",INDEX(#REF!,MATCH('data '!$B35,#REF!,0),MATCH('data '!S$3,#REF!,0))) -> #REF! | T35: =IF(INDEX(#REF!,MATCH('data '!$B35,#REF!,0),MATCH('data '!T$3,#REF!,0))=0,"",INDEX(#REF!,MATCH('data '!$B35,#REF!,0),MATCH('data '!T$3,#REF!,0))) -> #REF! | V35: u. RTB | W35: RTB | AC35: =VLOOKUP(B35,#REF!,19,0) -> #REF! | AP35: =IF(AM35>0,"Tempo Energized",IF(AL35>0,"Tempo Permit Released",IF(AK35>0,"COOP Surveyed",IF(AI35>0,"PO Issued",IF(AG35>0,"PQ Raised",IF(AF35>0,"Vendor Allocated",IF(X35>0,"BP Secured","Not yet endorsed"))))))) -> Not yet endorsed | AQ35: {=IF(AM35>0,(TODAY()-AM35),IF(AL35>0,(TODAY()-AL35),IF(AK35>0,(TODAY()-AK35,IF(AI35>0,(TODAY()-AI35),IF(AG35>0,(TODAY()-AG35),IF(AF35>0,(TODAY()-AF35),IF(X35>0,(TODAY()-X35)," "))))))))} -> FALSE | BD35: =IF(BC35>0,"Permanent Energized",IF(BB35>0,"Bill deposit Paid",IF(BA35>0,"Line Construction Completed",IF(AZ35>0,"Line Construction Started",IF(AX35>0,"PO Issued",IF(AV35>0,"PQ Raised",IF(AU35>0,"BoQ Approved",IF(AT35>0,"BoQ Submitted",IF(AF35>0,"Vendor Allocated",IF(X35>0,"BP Secured",IF(U35>0,"TSSR Approved","Not yet endorsed"))))))))))) -> Not yet endorsed | BG35: #N/A
B36: PH140255 | C36: NS-BIZ20-G54 | D36: Brgy.Makir_DatuOdinSinsuat(Dinaig)_Maguindanao | E36: Marlone | F36: 0 | G36: BTS 8 | H36: T7 | I36: MIN | J36: Autonomous Region In Muslim Mindanao (ARMM) | K36: Maguindanao | L36: 0 | M36: 0 | N36: 7.04741 | O36: 124.31436 | P36: t. BP secured | Q36: H - Pending Excavation Completion | R36: =IF(INDEX(#REF!,MATCH('data '!$B36,#REF!,0),MATCH('data '!R$3,#REF!,0))=0,"",INDEX(#REF!,MATCH('data '!$B36,#REF!,0),MATCH('data '!R$3,#REF!,0))) -> #REF! | S36: =IF(INDEX(#REF!,MATCH('data '!$B36,#REF!,0),MATCH('data '!S$3,#REF!,0))=0,"",INDEX(#REF!,MATCH('data '!$B36,#REF!,0),MATCH('data '!S$3,#REF!,0))) -> #REF! | T36: =IF(INDEX(#REF!,MATCH('data '!$B36,#REF!,0),MATCH('data '!T$3,#REF!,0))=0,"",INDEX(#REF!,MATCH('data '!$B36,#REF!,0),MATCH('data '!T$3,#REF!,0))) -> #REF! | V36: t. BP secured | W36: RTB | X36: Yes | Y36: 45884 | AC36: =VLOOKUP(B36,#REF!,19,0) -> #REF! | AP36: =IF(AM36>0,"Tempo Energized",IF(AL36>0,"Tempo Permit Released",IF(AK36>0,"COOP Surveyed",IF(AI36>0,"PO Issued",IF(AG36>0,"PQ Raised",IF(AF36>0,"Vendor Allocated",IF(X36>0,"BP Secured","Not yet endorsed"))))))) -> BP Secured | AQ36: {=IF(AM36>0,(TODAY()-AM36),IF(AL36>0,(TODAY()-AL36),IF(AK36>0,(TODAY()-AK36,IF(AI36>0,(TODAY()-AI36),IF(AG36>0,(TODAY()-AG36),IF(AF36>0,(TODAY()-AF36),IF(X36>0,(TODAY()-X36)," "))))))))} -> FALSE | BD36: =IF(BC36>0,"Permanent Energized",IF(BB36>0,"Bill deposit Paid",IF(BA36>0,"Line Construction Completed",IF(AZ36>0,"Line Construction Started",IF(AX36>0,"PO Issued",IF(AV36>0,"PQ Raised",IF(AU36>0,"BoQ Approved",IF(AT36>0,"BoQ Submitted",IF(AF36>0,"Vendor Allocated",IF(X36>0,"BP Secured",IF(U36>0,"TSSR Approved","Not yet endorsed"))))))))))) -> BP Secured | BE36: #VALUE! | BG36: #N/A
B37: PH140268 | C37: NS-BIZ20-G55 | D37: Brgy.Kusiong01_DatuOdinSinsuat(Dinaig)_Maguindanao | E37: Marlone | F37: 0 | G37: BTS 8 | H37: T7 | I37: MIN | J37: Autonomous Region In Muslim Mindanao (ARMM) | K37: Maguindanao | L37: 0 | M37: 0 | N37: 0 | O37: 0 | P37: a.8. PSH done- For re-hunting | Q37: 0 | R37: =IF(INDEX(#REF!,MATCH('data '!$B37,#REF!,0),MATCH('data '!R$3,#REF!,0))=0,"",INDEX(#REF!,MATCH('data '!$B37,#REF!,0),MATCH('data '!R$3,#REF!,0))) -> #REF! | S37: =IF(INDEX(#REF!,MATCH('data '!$B37,#REF!,0),MATCH('data '!S$3,#REF!,0))=0,"",INDEX(#REF!,MATCH('data '!$B37,#REF!,0),MATCH('data '!S$3,#REF!,0))) -> #REF! | T37: =IF(INDEX(#REF!,MATCH('data '!$B37,#REF!,0),MATCH('data '!T$3,#REF!,0))=0,"",INDEX(#REF!,MATCH('data '!$B37,#REF!,0),MATCH('data '!T$3,#REF!,0))) -> #REF! | V37: z.1 Returned site | W37: 0 | AC37: =VLOOKUP(B37,#REF!,19,0) -> #REF! | AP37: =IF(AM37>0,"Tempo Energized",IF(AL37>0,"Tempo Permit Released",IF(AK37>0,"COOP Surveyed",IF(AI37>0,"PO Issued",IF(AG37>0,"PQ Raised",IF(AF37>0,"Vendor Allocated",IF(X37>0,"BP Secured","Not yet endorsed"))))))) -> Not yet endorsed | AQ37: {=IF(AM37>0,(TODAY()-AM37),IF(AL37>0,(TODAY()-AL37),IF(AK37>0,(TODAY()-AK37,IF(AI37>0,(TODAY()-AI37),IF(AG37>0,(TODAY()-AG37),IF(AF37>0,(TODAY()-AF37),IF(X37>0,(TODAY()-X37)," "))))))))} -> FALSE | BD37: =IF(BC37>0,"Permanent Energized",IF(BB37>0,"Bill deposit Paid",IF(BA37>0,"Line Construction Completed",IF(AZ37>0,"Line Construction Started",IF(AX37>0,"PO Issued",IF(AV37>0,"PQ Raised",IF(AU37>0,"BoQ Approved",IF(AT37>0,"BoQ Submitted",IF(AF37>0,"Vendor Allocated",IF(X37>0,"BP Secured",IF(U37>0,"TSSR Approved","Not yet endorsed"))))))))))) -> Not yet endorsed | BG37: #N/A
B38: PH140258 | C38: NS-BIZ20-G74 | D38: Brgy.Magsaysay_Parang_Maguindanao | E38: Marlone | F38: 0 | G38: BTS 8 | H38: T7 | I38: MIN | J38: Autonomous Region In Muslim Mindanao (ARMM) | K38: Maguindanao | L38: 0 | M38: 0 | N38: 0 | O38: 0 | P38: n. Ongoing brgy permitting | Q38: 0 | R38: =IF(INDEX(#REF!,MATCH('data '!$B38,#REF!,0),MATCH('data '!R$3,#REF!,0))=0,"",INDEX(#REF!,MATCH('data '!$B38,#REF!,0),MATCH('data '!R$3,#REF!,0))) -> #REF! | S38: =IF(INDEX(#REF!,MATCH('data '!$B38,#REF!,0),MATCH('data '!S$3,#REF!,0))=0,"",INDEX(#REF!,MATCH('data '!$B38,#REF!,0),MATCH('data '!S$3,#REF!,0))) -> #REF! | T38: =IF(INDEX(#REF!,MATCH('data '!$B38,#REF!,0),MATCH('data '!T$3,#REF!,0))=0,"",INDEX(#REF!,MATCH('data '!$B38,#REF!,0),MATCH('data '!T$3,#REF!,0))) -> #REF! | V38: n. Ongoing brgy permitting | W38: Ongoing Brgy. Permitting | AC38: =VLOOKUP(B38,#REF!,19,0) -> #REF! | AP38: =IF(AM38>0,"Tempo Energized",IF(AL38>0,"Tempo Permit Released",IF(AK38>0,"COOP Surveyed",IF(AI38>0,"PO Issued",IF(AG38>0,"PQ Raised",IF(AF38>0,"Vendor Allocated",IF(X38>0,"BP Secured","Not yet endorsed"))))))) -> Not yet endorsed | AQ38: {=IF(AM38>0,(TODAY()-AM38),IF(AL38>0,(TODAY()-AL38),IF(AK38>0,(TODAY()-AK38,IF(AI38>0,(TODAY()-AI38),IF(AG38>0,(TODAY()-AG38),IF(AF38>0,(TODAY()-AF38),IF(X38>0,(TODAY()-X38)," "))))))))} -> FALSE | BD38: =IF(BC38>0,"Permanent Energized",IF(BB38>0,"Bill deposit Paid",IF(BA38>0,"Line Construction Completed",IF(AZ38>0,"Line Construction Started",IF(AX38>0,"PO Issued",IF(AV38>0,"PQ Raised",IF(AU38>0,"BoQ Approved",IF(AT38>0,"BoQ Submitted",IF(AF38>0,"Vendor Allocated",IF(X38>0,"BP Secured",IF(U38>0,"TSSR Approved","Not yet endorsed"))))))))))) -> Not yet endorsed | BG38: #N/A
B39: PH110279 | C39: NS-BIZ20-G76 | D39: Brgy.Subasta03_DavaoCity_DavaoDelSur | E39: Marlone | F39: DASURECO | G39: BTS 8 | H39: T7 | I39: MIN | J39: Region XI (Davao Region) | K39: Davao del Sur | L39: City of Davao | M39: Balingaeng | N39: 0 | O39: 0 | P39: n. Ongoing brgy permitting | Q39: 0 | R39: =IF(INDEX(#REF!,MATCH('data '!$B39,#REF!,0),MATCH('data '!R$3,#REF!,0))=0,"",INDEX(#REF!,MATCH('data '!$B39,#REF!,0),MATCH('data '!R$3,#REF!,0))) -> #REF! | S39: =IF(INDEX(#REF!,MATCH('data '!$B39,#REF!,0),MATCH('data '!S$3,#REF!,0))=0,"",INDEX(#REF!,MATCH('data '!$B39,#REF!,0),MATCH('data '!S$3,#REF!,0))) -> #REF! | T39: =IF(INDEX(#REF!,MATCH('data '!$B39,#REF!,0),MATCH('data '!T$3,#REF!,0))=0,"",INDEX(#REF!,MATCH('data '!$B39,#REF!,0),MATCH('data '!T$3,#REF!,0))) -> #REF! | V39: n. Ongoing brgy permitting | W39: Ongoing Brgy. Permitting | AC39: =VLOOKUP(B39,#REF!,19,0) -> #REF! | AP39: =IF(AM39>0,"Tempo Energized",IF(AL39>0,"Tempo Permit Released",IF(AK39>0,"COOP Surveyed",IF(AI39>0,"PO Issued",IF(AG39>0,"PQ Raised",IF(AF39>0,"Vendor Allocated",IF(X39>0,"BP Secured","Not yet endorsed"))))))) -> Not yet endorsed | AQ39: {=IF(AM39>0,(TODAY()-AM39),IF(AL39>0,(TODAY()-AL39),IF(AK39>0,(TODAY()-AK39,IF(AI39>0,(TODAY()-AI39),IF(AG39>0,(TODAY()-AG39),IF(AF39>0,(TODAY()-AF39),IF(X39>0,(TODAY()-X39)," "))))))))} -> FALSE | BD39: =IF(BC39>0,"Permanent Energized",IF(BB39>0,"Bill deposit Paid",IF(BA39>0,"Line Construction Completed",IF(AZ39>0,"Line Construction Started",IF(AX39>0,"PO Issued",IF(AV39>0,"PQ Raised",IF(AU39>0,"BoQ Approved",IF(AT39>0,"BoQ Submitted",IF(AF39>0,"Vendor Allocated",IF(X39>0,"BP Secured",IF(U39>0,"TSSR Approved","Not yet endorsed"))))))))))) -> Not yet endorsed | BG39: #N/A
B40: PH120083 | C40: NS-BIZ20-H16 | D40: Baymax2020_BrgyPoblacion7_Midsayap_NCOT | E40: Marlone | F40: COTELCO – PPALMA | G40: BTS 8 | H40: T7 | I40: MIN | J40: Region XII (SOCCSKSARGEN) | K40: Cotabato | L40: Midsayap | M40: Purok 2 | N40: 0 | O40: 0 | P40: n. Ongoing brgy permitting | Q40: L - Under pre-construction | R40: =IF(INDEX(#REF!,MATCH('data '!$B40,#REF!,0),MATCH('data '!R$3,#REF!,0))=0,"",INDEX(#REF!,MATCH('data '!$B40,#REF!,0),MATCH('data '!R$3,#REF!,0))) -> #REF! | S40: =IF(INDEX(#REF!,MATCH('data '!$B40,#REF!,0),MATCH('data '!S$3,#REF!,0))=0,"",INDEX(#REF!,MATCH('data '!$B40,#REF!,0),MATCH('data '!S$3,#REF!,0))) -> #REF! | T40: =IF(INDEX(#REF!,MATCH('data '!$B40,#REF!,0),MATCH('data '!T$3,#REF!,0))=0,"",INDEX(#REF!,MATCH('data '!$B40,#REF!,0),MATCH('data '!T$3,#REF!,0))) -> #REF! | U40: Yes | V40: o. with Brgy clearance | W40: For Zone Application | AC40: =VLOOKUP(B40,#REF!,19,0) -> #REF! | AP40: =IF(AM40>0,"Tempo Energized",IF(AL40>0,"Tempo Permit Released",IF(AK40>0,"COOP Surveyed",IF(AI40>0,"PO Issued",IF(AG40>0,"PQ Raised",IF(AF40>0,"Vendor Allocated",IF(X40>0,"BP Secured","Not yet endorsed"))))))) -> Not yet endorsed | AQ40: {=IF(AM40>0,(TODAY()-AM40),IF(AL40>0,(TODAY()-AL40),IF(AK40>0,(TODAY()-AK40,IF(AI40>0,(TODAY()-AI40),IF(AG40>0,(TODAY()-AG40),IF(AF40>0,(TODAY()-AF40),IF(X40>0,(TODAY()-X40)," "))))))))} -> FALSE | BD40: =IF(BC40>0,"Permanent Energized",IF(BB40>0,"Bill deposit Paid",IF(BA40>0,"Line Construction Completed",IF(AZ40>0,"Line Construction Started",IF(AX40>0,"PO Issued",IF(AV40>0,"PQ Raised",IF(AU40>0,"BoQ Approved",IF(AT40>0,"BoQ Submitted",IF(AF40>0,"Vendor Allocated",IF(X40>0,"BP Secured",IF(U40>0,"TSSR Approved","Not yet endorsed"))))))))))) -> TSSR Approved | BE40: #VALUE! | BG40: #N/A
B41: PH120087 | C41: NS-BIZ20-H43 | D41: Brgy.Siguel01_GeneralSantosCity_SouthCotabato | E41: Marlone | F41: SOCOTECO II | G41: BTS 8 | H41: T7 | I41: MIN | J41: Region XII (SOCCSKSARGEN) | K41: South Cotabato | L41: City of General Santos | M41: 0 | N41: 0 | O41: 0 | P41: z.1 Returned site | Q41: L - Under pre-construction | R41: =IF(INDEX(#REF!,MATCH('data '!$B41,#REF!,0),MATCH('data '!R$3,#REF!,0))=0,"",INDEX(#REF!,MATCH('data '!$B41,#REF!,0),MATCH('data '!R$3,#REF!,0))) -> #REF! | S41: =IF(INDEX(#REF!,MATCH('data '!$B41,#REF!,0),MATCH('data '!S$3,#REF!,0))=0,"",INDEX(#REF!,MATCH('data '!$B41,#REF!,0),MATCH('data '!S$3,#REF!,0))) -> #REF! | T41: =IF(INDEX(#REF!,MATCH('data '!$B41,#REF!,0),MATCH('data '!T$3,#REF!,0))=0,"",INDEX(#REF!,MATCH('data '!$B41,#REF!,0),MATCH('data '!T$3,#REF!,0))) -> #REF! | V41: z.1 Returned site | W41: 0 | AC41: =VLOOKUP(B41,#REF!,19,0) -> #REF! | AP41: =IF(AM41>0,"Tempo Energized",IF(AL41>0,"Tempo Permit Released",IF(AK41>0,"COOP Surveyed",IF(AI41>0,"PO Issued",IF(AG41>0,"PQ Raised",IF(AF41>0,"Vendor Allocated",IF(X41>0,"BP Secured","Not yet endorsed"))))))) -> Not yet endorsed | AQ41: {=IF(AM41>0,(TODAY()-AM41),IF(AL41>0,(TODAY()-AL41),IF(AK41>0,(TODAY()-AK41,IF(AI41>0,(TODAY()-AI41),IF(AG41>0,(TODAY()-AG41),IF(AF41>0,(TODAY()-AF41),IF(X41>0,(TODAY()-X41)," "))))))))} -> FALSE | BD41: =IF(BC41>0,"Permanent Energized",IF(BB41>0,"Bill deposit Paid",IF(BA41>0,"Line Construction Completed",IF(AZ41>0,"Line Construction Started",IF(AX41>0,"PO Issued",IF(AV41>0,"PQ Raised",IF(AU41>0,"BoQ Approved",IF(AT41>0,"BoQ Submitted",IF(AF41>0,"Vendor Allocated",IF(X41>0,"BP Secured",IF(U41>0,"TSSR Approved","Not yet endorsed"))))))))))) -> Not yet endorsed | BG41: #N/A
B42: PH060453 | C42: NS-BIZ20-H89 | D42: BrgyJibao-an_Pavia_Iloilo(2) | E42: Ralph | F42: ILECO I | G42: BTS 8 | H42: T6 | I42: VIS | J42: Region VI (Western Visayas) | K42: Iloilo | L42: Pavia | M42: 0 | N42: 10.755647 | O42: 122.50371 | P42: t. BP secured | Q42: A - Energized | R42: =IF(INDEX(#REF!,MATCH('data '!$B42,#REF!,0),MATCH('data '!R$3,#REF!,0))=0,"",INDEX(#REF!,MATCH('data '!$B42,#REF!,0),MATCH('data '!R$3,#REF!,0))) -> #REF! | S42: =IF(INDEX(#REF!,MATCH('data '!$B42,#REF!,0),MATCH('data '!S$3,#REF!,0))=0,"",INDEX(#REF!,MATCH('data '!$B42,#REF!,0),MATCH('data '!S$3,#REF!,0))) -> #REF! | T42: =IF(INDEX(#REF!,MATCH('data '!$B42,#REF!,0),MATCH('data '!T$3,#REF!,0))=0,"",INDEX(#REF!,MATCH('data '!$B42,#REF!,0),MATCH('data '!T$3,#REF!,0))) -> #REF! | U42: Yes | V42: y. OP secured | W42: RTB | X42: Yes | Y42: 45762 | AA42: 19/05/2025 | AB42: 45818 | AC42: =VLOOKUP(B42,#REF!,19,0) -> #REF! | AP42: =IF(AM42>0,"Tempo Energized",IF(AL42>0,"Tempo Permit Released",IF(AK42>0,"COOP Surveyed",IF(AI42>0,"PO Issued",IF(AG42>0,"PQ Raised",IF(AF42>0,"Vendor Allocated",IF(X42>0,"BP Secured","Not yet endorsed"))))))) -> BP Secured | AQ42: {=IF(AM42>0,(TODAY()-AM42),IF(AL42>0,(TODAY()-AL42),IF(AK42>0,(TODAY()-AK42,IF(AI42>0,(TODAY()-AI42),IF(AG42>0,(TODAY()-AG42),IF(AF42>0,(TODAY()-AF42),IF(X42>0,(TODAY()-X42)," "))))))))} -> FALSE | BD42: =IF(BC42>0,"Permanent Energized",IF(BB42>0,"Bill deposit Paid",IF(BA42>0,"Line Construction Completed",IF(AZ42>0,"Line Construction Started",IF(AX42>0,"PO Issued",IF(AV42>0,"PQ Raised",IF(AU42>0,"BoQ Approved",IF(AT42>0,"BoQ Submitted",IF(AF42>0,"Vendor Allocated",IF(X42>0,"BP Secured",IF(U42>0,"TSSR Approved","Not yet endorsed"))))))))))) -> BP Secured | BE42: #VALUE! | BG42: #N/A
B43: PH110235 | C43: NS-BIZ20-H95 | D43: Brgy.Kidalapong_Malita(Capital)_DavaoOccidental | E43: Marlone | F43: DASURECO | G43: BTS 8 | H43: T7 | I43: MIN | J43: Region XI (Davao Region) | K43: Davao Occidental | L43: Malita (Capital) | M43: 0 | N43: 6.424 | O43: 125.5845 | P43: t. BP secured | Q43: E - Pending Tower Erection Completion | R43: =IF(INDEX(#REF!,MATCH('data '!$B43,#REF!,0),MATCH('data '!R$3,#REF!,0))=0,"",INDEX(#REF!,MATCH('data '!$B43,#REF!,0),MATCH('data '!R$3,#REF!,0))) -> #REF! | S43: =IF(INDEX(#REF!,MATCH('data '!$B43,#REF!,0),MATCH('data '!S$3,#REF!,0))=0,"",INDEX(#REF!,MATCH('data '!$B43,#REF!,0),MATCH('data '!S$3,#REF!,0))) -> #REF! | T43: =IF(INDEX(#REF!,MATCH('data '!$B43,#REF!,0),MATCH('data '!T$3,#REF!,0))=0,"",INDEX(#REF!,MATCH('data '!$B43,#REF!,0),MATCH('data '!T$3,#REF!,0))) -> #REF! | V43: v. Site Dev Complete Awaiting ABP | W43: RTB | X43: Yes | Y43: 45856 | AC43: =VLOOKUP(B43,#REF!,19,0) -> #REF! | AE43: Diomon Electrical Services | AP43: =IF(AM43>0,"Tempo Energized",IF(AL43>0,"Tempo Permit Released",IF(AK43>0,"COOP Surveyed",IF(AI43>0,"PO Issued",IF(AG43>0,"PQ Raised",IF(AF43>0,"Vendor Allocated",IF(X43>0,"BP Secured","Not yet endorsed"))))))) -> BP Secured | AQ43: {=IF(AM43>0,(TODAY()-AM43),IF(AL43>0,(TODAY()-AL43),IF(AK43>0,(TODAY()-AK43,IF(AI43>0,(TODAY()-AI43),IF(AG43>0,(TODAY()-AG43),IF(AF43>0,(TODAY()-AF43),IF(X43>0,(TODAY()-X43)," "))))))))} -> FALSE | AT43: 45923 | BD43: =IF(BC43>0,"Permanent Energized",IF(BB43>0,"Bill deposit Paid",IF(BA43>0,"Line Construction Completed",IF(AZ43>0,"Line Construction Started",IF(AX43>0,"PO Issued",IF(AV43>0,"PQ Raised",IF(AU43>0,"BoQ Approved",IF(AT43>0,"BoQ Submitted",IF(AF43>0,"Vendor Allocated",IF(X43>0,"BP Secured",IF(U43>0,"TSSR Approved","Not yet endorsed"))))))))))) -> BoQ Submitted | BE43: 17 | BG43: #N/A
B44: PH140257 | C44: NS-BIZ21-A28 | D44: Brgy.Pura01_DatuBlahT.Sinsuat_Maguindanao | E44: Marlone | F44: 0 | G44: BTS 8 | H44: T7 | I44: MIN | J44: Autonomous Region In Muslim Mindanao (ARMM) | K44: Maguindanao | L44: 0 | M44: 0 | N44: 0 | O44: 0 | P44: a.8. PSH done- For re-hunting | Q44: 0 | R44: =IF(INDEX(#REF!,MATCH('data '!$B44,#REF!,0),MATCH('data '!R$3,#REF!,0))=0,"",INDEX(#REF!,MATCH('data '!$B44,#REF!,0),MATCH('data '!R$3,#REF!,0))) -> #REF! | S44: =IF(INDEX(#REF!,MATCH('data '!$B44,#REF!,0),MATCH('data '!S$3,#REF!,0))=0,"",INDEX(#REF!,MATCH('data '!$B44,#REF!,0),MATCH('data '!S$3,#REF!,0))) -> #REF! | T44: =IF(INDEX(#REF!,MATCH('data '!$B44,#REF!,0),MATCH('data '!T$3,#REF!,0))=0,"",INDEX(#REF!,MATCH('data '!$B44,#REF!,0),MATCH('data '!T$3,#REF!,0))) -> #REF! | V44: n. Ongoing brgy permitting | W44: Ongoing Brgy. Permitting | AC44: =VLOOKUP(B44,#REF!,19,0) -> #REF! | AP44: =IF(AM44>0,"Tempo Energized",IF(AL44>0,"Tempo Permit Released",IF(AK44>0,"COOP Surveyed",IF(AI44>0,"PO Issued",IF(AG44>0,"PQ Raised",IF(AF44>0,"Vendor Allocated",IF(X44>0,"BP Secured","Not yet endorsed"))))))) -> Not yet endorsed | AQ44: {=IF(AM44>0,(TODAY()-AM44),IF(AL44>0,(TODAY()-AL44),IF(AK44>0,(TODAY()-AK44,IF(AI44>0,(TODAY()-AI44),IF(AG44>0,(TODAY()-AG44),IF(AF44>0,(TODAY()-AF44),IF(X44>0,(TODAY()-X44)," "))))))))} -> FALSE | BD44: =IF(BC44>0,"Permanent Energized",IF(BB44>0,"Bill deposit Paid",IF(BA44>0,"Line Construction Completed",IF(AZ44>0,"Line Construction Started",IF(AX44>0,"PO Issued",IF(AV44>0,"PQ Raised",IF(AU44>0,"BoQ Approved",IF(AT44>0,"BoQ Submitted",IF(AF44>0,"Vendor Allocated",IF(X44>0,"BP Secured",IF(U44>0,"TSSR Approved","Not yet endorsed"))))))))))) -> Not yet endorsed | BG44: #N/A
B45: PH030827 | C45: NS-BIZ22-A05 | D45: BrgyVentenilla_Paniqui_Tarlac | E45: CJ | F45: TARELCO I | G45: BTS 8 | H45: T1 | I45: NLZ | J45: Region III (Central Luzon) | K45: Tarlac | L45: Paniqui | M45: 0 | N45: 15.678084 | O45: 120.54235 | P45: t. BP secured | Q45: C - Pending Post-Con Permit Approval | R45: =IF(INDEX(#REF!,MATCH('data '!$B45,#REF!,0),MATCH('data '!R$3,#REF!,0))=0,"",INDEX(#REF!,MATCH('data '!$B45,#REF!,0),MATCH('data '!R$3,#REF!,0))) -> #REF! | S45: =IF(INDEX(#REF!,MATCH('data '!$B45,#REF!,0),MATCH('data '!S$3,#REF!,0))=0,"",INDEX(#REF!,MATCH('data '!$B45,#REF!,0),MATCH('data '!S$3,#REF!,0))) -> #REF! | T45: =IF(INDEX(#REF!,MATCH('data '!$B45,#REF!,0),MATCH('data '!T$3,#REF!,0))=0,"",INDEX(#REF!,MATCH('data '!$B45,#REF!,0),MATCH('data '!T$3,#REF!,0))) -> #REF! | U45: Yes | V45: y. OP secured | W45: RTB | X45: Yes | Y45: 45807 | Z45: 45967 | AA45: 45785 | AB45: 45933 | AC45: =VLOOKUP(B45,#REF!,19,0) -> #REF! | AE45: C.S ENRIQUEZ (CSEMSCORP Contractors, Fabricators) Inc. | AF45: 45814 | AH45: direct to Permanent | AP45: =IF(AM45>0,"Tempo Energized",IF(AL45>0,"Tempo Permit Released",IF(AK45>0,"COOP Surveyed",IF(AI45>0,"PO Issued",IF(AG45>0,"PQ Raised",IF(AF45>0,"Vendor Allocated",IF(X45>0,"BP Secured","Not yet endorsed"))))))) -> Vendor Allocated | AQ45: {=IF(AM45>0,(TODAY()-AM45),IF(AL45>0,(TODAY()-AL45),IF(AK45>0,(TODAY()-AK45,IF(AI45>0,(TODAY()-AI45),IF(AG45>0,(TODAY()-AG45),IF(AF45>0,(TODAY()-AF45),IF(X45>0,(TODAY()-X45)," "))))))))} -> FALSE | AT45: 45950 | AU45: 45967 | AV45: 45967 | AW45: FTAPPQ0013528 | AX45: 45968 | AY45: FTAPPO0012650 | AZ45: 45988 | BD45: =IF(BC45>0,"Permanent Energized",IF(BB45>0,"Bill deposit Paid",IF(BA45>0,"Line Construction Completed",IF(AZ45>0,"Line Construction Started",IF(AX45>0,"PO Issued",IF(AV45>0,"PQ Raised",IF(AU45>0,"BoQ Approved",IF(AT45>0,"BoQ Submitted",IF(AF45>0,"Vendor Allocated",IF(X45>0,"BP Secured",IF(U45>0,"TSSR Approved","Not yet endorsed"))))))))))) -> Line Construction Started | BE45: 126 | BF45: 10/20/2025: BOM submitted. For BOM review. 10/5/2025: Awaiting coop SOA. | BG45: #N/A
B46: PH010396 | C46: NS-BIZ22-A07 | D46: BrgyPalacpalac_Pozorrubio_Pangasinan | E46: Marilyn | F46: PANELCO III | G46: BTS 8 | H46: T2 | I46: NLZ | J46: Region I (Ilocos Region) | K46: Pangasinan | L46: Pozorrubio | M46: Nama Road | N46: 16.1288 | O46: 120.533 | P46: t. BP secured | Q46: H - Pending Excavation Completion | R46: =IF(INDEX(#REF!,MATCH('data '!$B46,#REF!,0),MATCH('data '!R$3,#REF!,0))=0,"",INDEX(#REF!,MATCH('data '!$B46,#REF!,0),MATCH('data '!R$3,#REF!,0))) -> #REF! | S46: =IF(INDEX(#REF!,MATCH('data '!$B46,#REF!,0),MATCH('data '!S$3,#REF!,0))=0,"",INDEX(#REF!,MATCH('data '!$B46,#REF!,0),MATCH('data '!S$3,#REF!,0))) -> #REF! | T46: =IF(INDEX(#REF!,MATCH('data '!$B46,#REF!,0),MATCH('data '!T$3,#REF!,0))=0,"",INDEX(#REF!,MATCH('data '!$B46,#REF!,0),MATCH('data '!T$3,#REF!,0))) -> #REF! | U46: Yes | V46: t. BP secured | W46: RTB | X46: Yes | Y46: 45897 | AC46: =VLOOKUP(B46,#REF!,19,0) -> #REF! | AE46: Larc Telecoms, Inc. | AF46: 45908 | AG46: 45908 | AH46: FTAPPQ0012310 | AI46: 45909 | AJ46: FTAPPO0011520 | AK46: 45916 | AL46: 45930 | AP46: =IF(AM46>0,"Tempo Energized",IF(AL46>0,"Tempo Permit Released",IF(AK46>0,"COOP Surveyed",IF(AI46>0,"PO Issued",IF(AG46>0,"PQ Raised",IF(AF46>0,"Vendor Allocated",IF(X46>0,"BP Secured","Not yet endorsed"))))))) -> Tempo Permit Released | AR46: With neighbor Issue | AS46: 10/13: With neighbor concent /complaint 10/9/25: Waiting energization schedule 10/5/25: COOP applied; waiting COOP Assessment | AT46: 45922 | AU46: 45924 | AV46: 45936 | AW46: FTAPPQ0012947 | AX46: 45939 | AY46: FTAPPO0012099 | BD46: =IF(BC46>0,"Permanent Energized",IF(BB46>0,"Bill deposit Paid",IF(BA46>0,"Line Construction Completed",IF(AZ46>0,"Line Construction Started",IF(AX46>0,"PO Issued",IF(AV46>0,"PQ Raised",IF(AU46>0,"BoQ Approved",IF(AT46>0,"BoQ Submitted",IF(AF46>0,"Vendor Allocated",IF(X46>0,"BP Secured",IF(U46>0,"TSSR Approved","Not yet endorsed"))))))))))) -> PO Issued | BE46: 4 | BG46: #N/A | BH46: #REF!
B47: PH010395 | C47: NS-BIZ22-A09 | D47: BrgyAngatel_Urbiztondo_Pangasinan | E47: Marilyn | F47: CENPELCO | G47: BTS 8 | H47: T2 | I47: NLZ | J47: Region I (Ilocos Region) | K47: Pangasinan | M47: 0 | N47: 15.8044 | O47: 120.3452 | P47: t. BP secured | Q47: E - Pending Tower Erection Completion | R47: =IF(INDEX(#REF!,MATCH('data '!$B47,#REF!,0),MATCH('data '!R$3,#REF!,0))=0,"",INDEX(#REF!,MATCH('data '!$B47,#REF!,0),MATCH('data '!R$3,#REF!,0))) -> #REF! | S47: =IF(INDEX(#REF!,MATCH('data '!$B47,#REF!,0),MATCH('data '!S$3,#REF!,0))=0,"",INDEX(#REF!,MATCH('data '!$B47,#REF!,0),MATCH('data '!S$3,#REF!,0))) -> #REF! | T47: =IF(INDEX(#REF!,MATCH('data '!$B47,#REF!,0),MATCH('data '!T$3,#REF!,0))=0,"",INDEX(#REF!,MATCH('data '!$B47,#REF!,0),MATCH('data '!T$3,#REF!,0))) -> #REF! | U47: Yes | V47: w. For OP application | W47: RTB | X47: Yes | Y47: 45860 | AC47: =VLOOKUP(B47,#REF!,19,0) -> #REF! | AE47: Larc Telecoms, Inc. | AF47: 45908 | AG47: 45908 | AH47: FTAPPQ0012310 | AI47: 45909 | AJ47: FTAPPO0011520 | AK47: 45916 | AL47: 45923 | AM47: 45947 | AP47: =IF(AM47>0,"Tempo Energized",IF(AL47>0,"Tempo Permit Released",IF(AK47>0,"COOP Surveyed",IF(AI47>0,"PO Issued",IF(AG47>0,"PQ Raised",IF(AF47>0,"Vendor Allocated",IF(X47>0,"BP Secured","Not yet endorsed"))))))) -> Tempo Energized | AS47: 10/13 waiting for energization schedule 10/9/25; Waiting Tempo Energization | AT47: 45915 | AU47: 45924 | AV47: 45936 | AW47: FTAPPQ0012947 | AX47: 45939 | AY47: FTAPPO0012099 | AZ47: 45940 | BA47: 45945 | BD47: =IF(BC47>0,"Permanent Energized",IF(BB47>0,"Bill deposit Paid",IF(BA47>0,"Line Construction Completed",IF(AZ47>0,"Line Construction Started",IF(AX47>0,"PO Issued",IF(AV47>0,"PQ Raised",IF(AU47>0,"BoQ Approved",IF(AT47>0,"BoQ Submitted",IF(AF47>0,"Vendor Allocated",IF(X47>0,"BP Secured",IF(U47>0,"TSSR Approved","Not yet endorsed"))))))))))) -> Line Construction Completed | BE47: 4 | BG47: #N/A | BH47: #REF!
B48: PH010392 | C48: NS-BIZ22-A10 | D48: BrgyBuenlag2nd_Bayambang_Pangasinan | E48: Marilyn | F48: CENPELCO | G48: BTS 8 | H48: T2 | I48: NLZ | J48: Region I (Ilocos Region) | K48: Pangasinan | L48: Bayambang | M48: 0 | N48: 0 | O48: 0 | P48: e.1. Pending JTSS Actual | Q48: L - Under pre-construction | R48: =IF(INDEX(#REF!,MATCH('data '!$B48,#REF!,0),MATCH('data '!R$3,#REF!,0))=0,"",INDEX(#REF!,MATCH('data '!$B48,#REF!,0),MATCH('data '!R$3,#REF!,0))) -> #REF! | S48: =IF(INDEX(#REF!,MATCH('data '!$B48,#REF!,0),MATCH('data '!S$3,#REF!,0))=0,"",INDEX(#REF!,MATCH('data '!$B48,#REF!,0),MATCH('data '!S$3,#REF!,0))) -> #REF! | T48: =IF(INDEX(#REF!,MATCH('data '!$B48,#REF!,0),MATCH('data '!T$3,#REF!,0))=0,"",INDEX(#REF!,MATCH('data '!$B48,#REF!,0),MATCH('data '!T$3,#REF!,0))) -> #REF! | U48: Yes | V48: n. Ongoing brgy permitting | W48: Ongoing Brgy. Permitting | AC48: =VLOOKUP(B48,#REF!,19,0) -> #REF! | AE48: LARC | AP48: =IF(AM48>0,"Tempo Energized",IF(AL48>0,"Tempo Permit Released",IF(AK48>0,"COOP Surveyed",IF(AI48>0,"PO Issued",IF(AG48>0,"PQ Raised",IF(AF48>0,"Vendor Allocated",IF(X48>0,"BP Secured","Not yet endorsed"))))))) -> Not yet endorsed | AQ48: {=IF(AM48>0,(TODAY()-AM48),IF(AL48>0,(TODAY()-AL48),IF(AK48>0,(TODAY()-AK48,IF(AI48>0,(TODAY()-AI48),IF(AG48>0,(TODAY()-AG48),IF(AF48>0,(TODAY()-AF48),IF(X48>0,(TODAY()-X48)," "))))))))} -> FALSE | BD48: =IF(BC48>0,"Permanent Energized",IF(BB48>0,"Bill deposit Paid",IF(BA48>0,"Line Construction Completed",IF(AZ48>0,"Line Construction Started",IF(AX48>0,"PO Issued",IF(AV48>0,"PQ Raised",IF(AU48>0,"BoQ Approved",IF(AT48>0,"BoQ Submitted",IF(AF48>0,"Vendor Allocated",IF(X48>0,"BP Secured",IF(U48>0,"TSSR Approved","Not yet endorsed"))))))))))) -> TSSR Approved | BE48: #VALUE! | BG48: #N/A | BH48: #REF!
B49: PH010397 | C49: NS-BIZ22-A14 | D49: BrgyLareg-lareg_Malasiqui_Pangasinan | E49: Marilyn | F49: CENPELCO | G49: BTS 8 | H49: T2 | I49: NLZ | J49: Region I (Ilocos Region) | K49: Pangasinan | L49: Malasiqui | M49: 0 | N49: 0 | O49: 0 | P49: c. Ongoing candidate pre-approval | Q49: L - Under pre-construction | R49: =IF(INDEX(#REF!,MATCH('data '!$B49,#REF!,0),MATCH('data '!R$3,#REF!,0))=0,"",INDEX(#REF!,MATCH('data '!$B49,#REF!,0),MATCH('data '!R$3,#REF!,0))) -> #REF! | S49: =IF(INDEX(#REF!,MATCH('data '!$B49,#REF!,0),MATCH('data '!S$3,#REF!,0))=0,"",INDEX(#REF!,MATCH('data '!$B49,#REF!,0),MATCH('data '!S$3,#REF!,0))) -> #REF! | T49: =IF(INDEX(#REF!,MATCH('data '!$B49,#REF!,0),MATCH('data '!T$3,#REF!,0))=0,"",INDEX(#REF!,MATCH('data '!$B49,#REF!,0),MATCH('data '!T$3,#REF!,0))) -> #REF! | U49: Yes | V49: h. Pending GT TSSR Approval | W49: 0 | AC49: =VLOOKUP(B49,#REF!,19,0) -> #REF! | AE49: LARC | AP49: =IF(AM49>0,"Tempo Energized",IF(AL49>0,"Tempo Permit Released",IF(AK49>0,"COOP Surveyed",IF(AI49>0,"PO Issued",IF(AG49>0,"PQ Raised",IF(AF49>0,"Vendor Allocated",IF(X49>0,"BP Secured","Not yet endorsed"))))))) -> Not yet endorsed | AQ49: {=IF(AM49>0,(TODAY()-AM49),IF(AL49>0,(TODAY()-AL49),IF(AK49>0,(TODAY()-AK49,IF(AI49>0,(TODAY()-AI49),IF(AG49>0,(TODAY()-AG49),IF(AF49>0,(TODAY()-AF49),IF(X49>0,(TODAY()-X49)," "))))))))} -> FALSE | BD49: =IF(BC49>0,"Permanent Energized",IF(BB49>0,"Bill deposit Paid",IF(BA49>0,"Line Construction Completed",IF(AZ49>0,"Line Construction Started",IF(AX49>0,"PO Issued",IF(AV49>0,"PQ Raised",IF(AU49>0,"BoQ Approved",IF(AT49>0,"BoQ Submitted",IF(AF49>0,"Vendor Allocated",IF(X49>0,"BP Secured",IF(U49>0,"TSSR Approved","Not yet endorsed"))))))))))) -> TSSR Approved | BE49: #VALUE! | BG49: #N/A | BH49: #REF!
B50: PH010326 | C50: NS-BIZ22-A16 | D50: BrgySagayaden_Cabugao_IlocosSur | E50: Arjay | F50: ISECO | G50: BTS 8 | H50: T1 | I50: NLZ | J50: Region I (Ilocos Region) | K50: Ilocos Sur | L50: Cabugao | M50: 0 | N50: 17.7719 | O50: 120.4606 | P50: t. BP secured | Q50: G - Pending Foundation Completion | R50: =IF(INDEX(#REF!,MATCH('data '!$B50,#REF!,0),MATCH('data '!R$3,#REF!,0))=0,"",INDEX(#REF!,MATCH('data '!$B50,#REF!,0),MATCH('data '!R$3,#REF!,0))) -> #REF! | S50: =IF(INDEX(#REF!,MATCH('data '!$B50,#REF!,0),MATCH('data '!S$3,#REF!,0))=0,"",INDEX(#REF!,MATCH('data '!$B50,#REF!,0),MATCH('data '!S$3,#REF!,0))) -> #REF! | T50: =IF(INDEX(#REF!,MATCH('data '!$B50,#REF!,0),MATCH('data '!T$3,#REF!,0))=0,"",INDEX(#REF!,MATCH('data '!$B50,#REF!,0),MATCH('data '!T$3,#REF!,0))) -> #REF! | V50: w. For OP application | W50: RTB | X50: Yes | Y50: 45897 | AC50: =VLOOKUP(B50,#REF!,19,0) -> #REF! | AE50: BK Engineering Services | AF50: 45908 | AG50: 45908 | AH50: FTAPPQ0012304 | AI50: 45909 | AJ50: FTAPPO0011516 | AK50: 45916 | AL50: 45959 | AM50: 45961 | AP50: =IF(AM50>0,"Tempo Energized",IF(AL50>0,"Tempo Permit Released",IF(AK50>0,"COOP Surveyed",IF(AI50>0,"PO Issued",IF(AG50>0,"PQ Raised",IF(AF50>0,"Vendor Allocated",IF(X50>0,"BP Secured","Not yet endorsed"))))))) -> Tempo Energized | AS50: 10/6/25: Installed SEP; Waiting LGU Inspection 10/5/25: for installation SEP; Waiting LGU inspection | AT50: 45940 | AU50: 45980 | AV50: 45980 | AW50: FTAPPQ0013740 | AX50: 45982 | AY50: FTAPPO0012891 | BD50: =IF(BC50>0,"Permanent Energized",IF(BB50>0,"Bill deposit Paid",IF(BA50>0,"Line Construction Completed",IF(AZ50>0,"Line Construction Started",IF(AX50>0,"PO Issued",IF(AV50>0,"PQ Raised",IF(AU50>0,"BoQ Approved",IF(AT50>0,"BoQ Submitted",IF(AF50>0,"Vendor Allocated",IF(X50>0,"BP Secured",IF(U50>0,"TSSR Approved","Not yet endorsed"))))))))))) -> PO Issued | BE50: 8 | BG50: #N/A | BH50: #REF!
B51: PH010349 | C51: NS-BIZ22-A37 | D51: BrgyBorobor_Galimuyod_IlocosSur | E51: Arjay | F51: ISECO | G51: BTS 8 | H51: T1 | I51: NLZ | J51: Region I (Ilocos Region) | K51: Ilocos Sur | L51: Galimuyod | M51: 0 | N51: 0 | O51: 0 | P51: d. Site re-hunting | Q51: L - Under pre-construction | R51: =IF(INDEX(#REF!,MATCH('data '!$B51,#REF!,0),MATCH('data '!R$3,#REF!,0))=0,"",INDEX(#REF!,MATCH('data '!$B51,#REF!,0),MATCH('data '!R$3,#REF!,0))) -> #REF! | S51: =IF(INDEX(#REF!,MATCH('data '!$B51,#REF!,0),MATCH('data '!S$3,#REF!,0))=0,"",INDEX(#REF!,MATCH('data '!$B51,#REF!,0),MATCH('data '!S$3,#REF!,0))) -> #REF! | T51: =IF(INDEX(#REF!,MATCH('data '!$B51,#REF!,0),MATCH('data '!T$3,#REF!,0))=0,"",INDEX(#REF!,MATCH('data '!$B51,#REF!,0),MATCH('data '!T$3,#REF!,0))) -> #REF! | V51: c. Ongoing candidate pre-approval | W51: 0 | AC51: =VLOOKUP(B51,#REF!,19,0) -> #REF! | AP51: =IF(AM51>0,"Tempo Energized",IF(AL51>0,"Tempo Permit Released",IF(AK51>0,"COOP Surveyed",IF(AI51>0,"PO Issued",IF(AG51>0,"PQ Raised",IF(AF51>0,"Vendor Allocated",IF(X51>0,"BP Secured","Not yet endorsed"))))))) -> Not yet endorsed | AQ51: {=IF(AM51>0,(TODAY()-AM51),IF(AL51>0,(TODAY()-AL51),IF(AK51>0,(TODAY()-AK51,IF(AI51>0,(TODAY()-AI51),IF(AG51>0,(TODAY()-AG51),IF(AF51>0,(TODAY()-AF51),IF(X51>0,(TODAY()-X51)," "))))))))} -> FALSE | BD51: =IF(BC51>0,"Permanent Energized",IF(BB51>0,"Bill deposit Paid",IF(BA51>0,"Line Construction Completed",IF(AZ51>0,"Line Construction Started",IF(AX51>0,"PO Issued",IF(AV51>0,"PQ Raised",IF(AU51>0,"BoQ Approved",IF(AT51>0,"BoQ Submitted",IF(AF51>0,"Vendor Allocated",IF(X51>0,"BP Secured",IF(U51>0,"TSSR Approved","Not yet endorsed"))))))))))) -> Not yet endorsed | BG51: #N/A | BH51: #REF!
B52: PH070510 | C52: NS-BIZ22-A39 | D52: BrgyMasulog_CanlaonCity_NegrosOriental_MACRO_COV2021 | E52: Ralph | F52: 0 | G52: BTS 8 | H52: T6 | I52: VIS | J52: Region VII (Central Visayas) | K52: Negros Oriental | L52: 0 | M52: 0 | N52: 0 | O52: 0 | P52: h. Pending GT TSSR Approval | Q52: 0 | R52: =IF(INDEX(#REF!,MATCH('data '!$B52,#REF!,0),MATCH('data '!R$3,#REF!,0))=0,"",INDEX(#REF!,MATCH('data '!$B52,#REF!,0),MATCH('data '!R$3,#REF!,0))) -> #REF! | S52: =IF(INDEX(#REF!,MATCH('data '!$B52,#REF!,0),MATCH('data '!S$3,#REF!,0))=0,"",INDEX(#REF!,MATCH('data '!$B52,#REF!,0),MATCH('data '!S$3,#REF!,0))) -> #REF! | T52: =IF(INDEX(#REF!,MATCH('data '!$B52,#REF!,0),MATCH('data '!T$3,#REF!,0))=0,"",INDEX(#REF!,MATCH('data '!$B52,#REF!,0),MATCH('data '!T$3,#REF!,0))) -> #REF! | V52: r. BP applied | W52: For BP release | AC52: =VLOOKUP(B52,#REF!,19,0) -> #REF! | AP52: =IF(AM52>0,"Tempo Energized",IF(AL52>0,"Tempo Permit Released",IF(AK52>0,"COOP Surveyed",IF(AI52>0,"PO Issued",IF(AG52>0,"PQ Raised",IF(AF52>0,"Vendor Allocated",IF(X52>0,"BP Secured","Not yet endorsed"))))))) -> Not yet endorsed | AQ52: {=IF(AM52>0,(TODAY()-AM52),IF(AL52>0,(TODAY()-AL52),IF(AK52>0,(TODAY()-AK52,IF(AI52>0,(TODAY()-AI52),IF(AG52>0,(TODAY()-AG52),IF(AF52>0,(TODAY()-AF52),IF(X52>0,(TODAY()-X52)," "))))))))} -> FALSE | BD52: =IF(BC52>0,"Permanent Energized",IF(BB52>0,"Bill deposit Paid",IF(BA52>0,"Line Construction Completed",IF(AZ52>0,"Line Construction Started",IF(AX52>0,"PO Issued",IF(AV52>0,"PQ Raised",IF(AU52>0,"BoQ Approved",IF(AT52>0,"BoQ Submitted",IF(AF52>0,"Vendor Allocated",IF(X52>0,"BP Secured",IF(U52>0,"TSSR Approved","Not yet endorsed"))))))))))) -> Not yet endorsed | BG52: #N/A
B53: PH070513 | C53: NS-BIZ22-A53 | D53: BrgyMinolos_Barili_Cebu_MACRO_COV2021 | E53: Ralph | F53: 0 | G53: BTS 8 | H53: T6 | I53: VIS | J53: Region VII (Central Visayas) | K53: Cebu | L53: 0 | M53: 0 | N53: 0 | O53: 0 | P53: o. with Brgy clearance | Q53: 0 | R53: =IF(INDEX(#REF!,MATCH('data '!$B53,#REF!,0),MATCH('data '!R$3,#REF!,0))=0,"",INDEX(#REF!,MATCH('data '!$B53,#REF!,0),MATCH('data '!R$3,#REF!,0))) -> #REF! | S53: =IF(INDEX(#REF!,MATCH('data '!$B53,#REF!,0),MATCH('data '!S$3,#REF!,0))=0,"",INDEX(#REF!,MATCH('data '!$B53,#REF!,0),MATCH('data '!S$3,#REF!,0))) -> #REF! | T53: =IF(INDEX(#REF!,MATCH('data '!$B53,#REF!,0),MATCH('data '!T$3,#REF!,0))=0,"",INDEX(#REF!,MATCH('data '!$B53,#REF!,0),MATCH('data '!T$3,#REF!,0))) -> #REF! | V53: p. LGU Applied | W53: For BP Application | AC53: =VLOOKUP(B53,#REF!,19,0) -> #REF! | AP53: =IF(AM53>0,"Tempo Energized",IF(AL53>0,"Tempo Permit Released",IF(AK53>0,"COOP Surveyed",IF(AI53>0,"PO Issued",IF(AG53>0,"PQ Raised",IF(AF53>0,"Vendor Allocated",IF(X53>0,"BP Secured","Not yet endorsed"))))))) -> Not yet endorsed | AQ53: {=IF(AM53>0,(TODAY()-AM53),IF(AL53>0,(TODAY()-AL53),IF(AK53>0,(TODAY()-AK53,IF(AI53>0,(TODAY()-AI53),IF(AG53>0,(TODAY()-AG53),IF(AF53>0,(TODAY()-AF53),IF(X53>0,(TODAY()-X53)," "))))))))} -> FALSE | BD53: =IF(BC53>0,"Permanent Energized",IF(BB53>0,"Bill deposit Paid",IF(BA53>0,"Line Construction Completed",IF(AZ53>0,"Line Construction Started",IF(AX53>0,"PO Issued",IF(AV53>0,"PQ Raised",IF(AU53>0,"BoQ Approved",IF(AT53>0,"BoQ Submitted",IF(AF53>0,"Vendor Allocated",IF(X53>0,"BP Secured",IF(U53>0,"TSSR Approved","Not yet endorsed"))))))))))) -> Not yet endorsed | BG53: #N/A
B54: PH050300 | C54: NS-BIZ22-B13 | D54: NearBrgyLuklukanSurBoundary_BrgySantaRosaNorte_JosePanganiban_CamarinesNorte | E54: Marilyn | F54: CANORECO | G54: BTS 7 | H54: T5 | I54: NLZ | J54: #N/A | K54: #N/A | L54: #N/A | M54: #N/A | N54: #N/A | O54: #N/A | P54: #N/A | Q54: #N/A | R54: =IF(INDEX(#REF!,MATCH('data '!$B54,#REF!,0),MATCH('data '!R$3,#REF!,0))=0,"",INDEX(#REF!,MATCH('data '!$B54,#REF!,0),MATCH('data '!R$3,#REF!,0))) -> #REF! | S54: =IF(INDEX(#REF!,MATCH('data '!$B54,#REF!,0),MATCH('data '!S$3,#REF!,0))=0,"",INDEX(#REF!,MATCH('data '!$B54,#REF!,0),MATCH('data '!S$3,#REF!,0))) -> #REF! | T54: =IF(INDEX(#REF!,MATCH('data '!$B54,#REF!,0),MATCH('data '!T$3,#REF!,0))=0,"",INDEX(#REF!,MATCH('data '!$B54,#REF!,0),MATCH('data '!T$3,#REF!,0))) -> #REF! | V54: 0 | W54: RTB | AC54: =VLOOKUP(B54,#REF!,19,0) -> #REF! | AE54: North Flash Power And Builds Inc. | AP54: =IF(AM54>0,"Tempo Energized",IF(AL54>0,"Tempo Permit Released",IF(AK54>0,"COOP Surveyed",IF(AI54>0,"PO Issued",IF(AG54>0,"PQ Raised",IF(AF54>0,"Vendor Allocated",IF(X54>0,"BP Secured","Not yet endorsed"))))))) -> Not yet endorsed | AQ54: {=IF(AM54>0,(TODAY()-AM54),IF(AL54>0,(TODAY()-AL54),IF(AK54>0,(TODAY()-AK54,IF(AI54>0,(TODAY()-AI54),IF(AG54>0,(TODAY()-AG54),IF(AF54>0,(TODAY()-AF54),IF(X54>0,(TODAY()-X54)," "))))))))} -> FALSE | AS54: PERMANENT Power energized | AU54: 45805 | AV54: 45805 | AW54: FTAPPQ0010592 | AX54: 45808 | AY54: FTAPPO0009859 | AZ54: 45912 | BA54: 45912 | BB54: 45912 | BC54: 45912 | BD54: Permanent Energized | BE54: 28 | BF54: ENERGIZED | BG54: #N/A
B55: PH050294 | C55: NS-BIZ22-B14 | D55: NearGovFelixAFuentebellaNtlHwy_BrgySanSebastian_Lagonoy_CamarinesSur | E55: Marilyn | F55: CASURECO IV | G55: BTS 7 | H55: T5 | I55: NLZ | J55: #N/A | K55: #N/A | L55: #N/A | M55: #N/A | N55: #N/A | O55: #N/A | P55: #N/A | Q55: #N/A | R55: =IF(INDEX(#REF!,MATCH('data '!$B55,#REF!,0),MATCH('data '!R$3,#REF!,0))=0,"",INDEX(#REF!,MATCH('data '!$B55,#REF!,0),MATCH('data '!R$3,#REF!,0))) -> #REF! | S55: =IF(INDEX(#REF!,MATCH('data '!$B55,#REF!,0),MATCH('data '!S$3,#REF!,0))=0,"",INDEX(#REF!,MATCH('data '!$B55,#REF!,0),MATCH('data '!S$3,#REF!,0))) -> #REF! | T55: =IF(INDEX(#REF!,MATCH('data '!$B55,#REF!,0),MATCH('data '!T$3,#REF!,0))=0,"",INDEX(#REF!,MATCH('data '!$B55,#REF!,0),MATCH('data '!T$3,#REF!,0))) -> #REF! | V55: 0 | W55: RTB | X55: Yes | Y55: 45498 | AB55: 45852 | AC55: =VLOOKUP(B55,#REF!,19,0) -> #REF! | AE55: North Flash Power And Builds Inc. | AP55: =IF(AM55>0,"Tempo Energized",IF(AL55>0,"Tempo Permit Released",IF(AK55>0,"COOP Surveyed",IF(AI55>0,"PO Issued",IF(AG55>0,"PQ Raised",IF(AF55>0,"Vendor Allocated",IF(X55>0,"BP Secured","Not yet endorsed"))))))) -> BP Secured | AQ55: {=IF(AM55>0,(TODAY()-AM55),IF(AL55>0,(TODAY()-AL55),IF(AK55>0,(TODAY()-AK55,IF(AI55>0,(TODAY()-AI55),IF(AG55>0,(TODAY()-AG55),IF(AF55>0,(TODAY()-AF55),IF(X55>0,(TODAY()-X55)," "))))))))} -> FALSE | AS55: PERMANENT Power energized | AT55: 45805 | AU55: 45805 | AV55: 45805 | AW55: FTAPPQ0010592 | AX55: 45808 | AY55: FTAPPO0009859 | AZ55: 45875 | BA55: 45875 | BB55: 45875 | BC55: 45875 | BD55: Permanent Energized | BE55: 65 | BF55: ENERGIZED | BG55: #N/A
B56: PH050298 | C56: NS-BIZ22-B19 | D56: NearLarapRd_BrgyLarap_JosePanganiban_CamarinesNorte | E56: Marilyn | F56: CANORECO | G56: BTS 7 | H56: T5 | I56: NLZ | J56: #N/A | K56: #N/A | L56: #N/A | M56: #N/A | N56: #N/A | O56: #N/A | P56: #N/A | Q56: #N/A | R56: =IF(INDEX(#REF!,MATCH('data '!$B56,#REF!,0),MATCH('data '!R$3,#REF!,0))=0,"",INDEX(#REF!,MATCH('data '!$B56,#REF!,0),MATCH('data '!R$3,#REF!,0))) -> #REF! | S56: =IF(INDEX(#REF!,MATCH('data '!$B56,#REF!,0),MATCH('data '!S$3,#REF!,0))=0,"",INDEX(#REF!,MATCH('data '!$B56,#REF!,0),MATCH('data '!S$3,#REF!,0))) -> #REF! | T56: =IF(INDEX(#REF!,MATCH('data '!$B56,#REF!,0),MATCH('data '!T$3,#REF!,0))=0,"",INDEX(#REF!,MATCH('data '!$B56,#REF!,0),MATCH('data '!T$3,#REF!,0))) -> #REF! | V56: 0 | W56: RTB | X56: Yes | AC56: =VLOOKUP(B56,#REF!,19,0) -> #REF! | AE56: North Flash Power And Builds Inc. | AH56: direct to Permanent | AP56: =IF(AM56>0,"Tempo Energized",IF(AL56>0,"Tempo Permit Released",IF(AK56>0,"COOP Surveyed",IF(AI56>0,"PO Issued",IF(AG56>0,"PQ Raised",IF(AF56>0,"Vendor Allocated",IF(X56>0,"BP Secured","Not yet endorsed"))))))) -> BP Secured | AQ56: {=IF(AM56>0,(TODAY()-AM56),IF(AL56>0,(TODAY()-AL56),IF(AK56>0,(TODAY()-AK56,IF(AI56>0,(TODAY()-AI56),IF(AG56>0,(TODAY()-AG56),IF(AF56>0,(TODAY()-AF56),IF(X56>0,(TODAY()-X56)," "))))))))} -> FALSE | AS56: PERMANENT Power energized | AT56: 45902 | AU56: 45902 | AV56: 45904 | AW56: FTAPPO0011402 | AX56: 45904 | AY56: FTAPPO0011402 | AZ56: 45916 | BA56: 45918 | BB56: 45976 | BC56: 45989 | BD56: =IF(BC56>0,"Permanent Energized",IF(BB56>0,"Bill deposit Paid",IF(BA56>0,"Line Construction Completed",IF(AZ56>0,"Line Construction Started",IF(AX56>0,"PO Issued",IF(AV56>0,"PQ Raised",IF(AU56>0,"BoQ Approved",IF(AT56>0,"BoQ Submitted",IF(AF56>0,"Vendor Allocated",IF(X56>0,"BP Secured",IF(U56>0,"TSSR Approved","Not yet endorsed"))))))))))) -> Permanent Energized | BE56: 22 | BF56: Waiting for COOP SOA and CFIA approval from NEA prior energization | BG56: #N/A
B57: PH401049 | C57: NS-BIZ22-B31 | D57: BrgySaguing_Mabini_Batangas | E57: Marilyn | F57: BATELEC II | G57: BTS 7 | H57: T5 | I57: NLZ | J57: #N/A | K57: #N/A | L57: #N/A | M57: #N/A | N57: #N/A | O57: #N/A | P57: #N/A | Q57: #N/A | R57: =IF(INDEX(#REF!,MATCH('data '!$B57,#REF!,0),MATCH('data '!R$3,#REF!,0))=0,"",INDEX(#REF!,MATCH('data '!$B57,#REF!,0),MATCH('data '!R$3,#REF!,0))) -> #REF! | S57: =IF(INDEX(#REF!,MATCH('data '!$B57,#REF!,0),MATCH('data '!S$3,#REF!,0))=0,"",INDEX(#REF!,MATCH('data '!$B57,#REF!,0),MATCH('data '!S$3,#REF!,0))) -> #REF! | T57: =IF(INDEX(#REF!,MATCH('data '!$B57,#REF!,0),MATCH('data '!T$3,#REF!,0))=0,"",INDEX(#REF!,MATCH('data '!$B57,#REF!,0),MATCH('data '!T$3,#REF!,0))) -> #REF! | V57: 0 | W57: RTB | X57: Yes | AC57: =VLOOKUP(B57,#REF!,19,0) -> #REF! | AE57: Golden Design Konstrukt and Trading | AF57: 45938 | AH57: direct to Permanent | AP57: =IF(AM57>0,"Tempo Energized",IF(AL57>0,"Tempo Permit Released",IF(AK57>0,"COOP Surveyed",IF(AI57>0,"PO Issued",IF(AG57>0,"PQ Raised",IF(AF57>0,"Vendor Allocated",IF(X57>0,"BP Secured","Not yet endorsed"))))))) -> Vendor Allocated | AQ57: {=IF(AM57>0,(TODAY()-AM57),IF(AL57>0,(TODAY()-AL57),IF(AK57>0,(TODAY()-AK57,IF(AI57>0,(TODAY()-AI57),IF(AG57>0,(TODAY()-AG57),IF(AF57>0,(TODAY()-AF57),IF(X57>0,(TODAY()-X57)," "))))))))} -> FALSE | AS57: Waiting for BP and EP permits need for application | BD57: =IF(BC57>0,"Permanent Energized",IF(BB57>0,"Bill deposit Paid",IF(BA57>0,"Line Construction Completed",IF(AZ57>0,"Line Construction Started",IF(AX57>0,"PO Issued",IF(AV57>0,"PQ Raised",IF(AU57>0,"BoQ Approved",IF(AT57>0,"BoQ Submitted",IF(AF57>0,"Vendor Allocated",IF(X57>0,"BP Secured",IF(U57>0,"TSSR Approved","Not yet endorsed"))))))))))) -> Vendor Allocated | BF57: Waiting for EP, EPPLan and CFEI | BG57: #N/A
B58: PH120362 | C58: NS-BIZ22-B57 | D58: Brgy.PatadonWest_Matalam_NorthCotabato | E58: Marlone | F58: 0 | G58: BTS 8 | H58: T7 | I58: MIN | J58: Region XII (SOCCSKSARGEN) | K58: Cotabato | L58: 0 | M58: 0 | N58: 7.08051 | O58: 124.93651 | P58: t. BP secured | Q58: G - Pending Foundation Completion | R58: =IF(INDEX(#REF!,MATCH('data '!$B58,#REF!,0),MATCH('data '!R$3,#REF!,0))=0,"",INDEX(#REF!,MATCH('data '!$B58,#REF!,0),MATCH('data '!R$3,#REF!,0))) -> #REF! | S58: =IF(INDEX(#REF!,MATCH('data '!$B58,#REF!,0),MATCH('data '!S$3,#REF!,0))=0,"",INDEX(#REF!,MATCH('data '!$B58,#REF!,0),MATCH('data '!S$3,#REF!,0))) -> #REF! | T58: =IF(INDEX(#REF!,MATCH('data '!$B58,#REF!,0),MATCH('data '!T$3,#REF!,0))=0,"",INDEX(#REF!,MATCH('data '!$B58,#REF!,0),MATCH('data '!T$3,#REF!,0))) -> #REF! | V58: x. OP Applied | W58: RTB | X58: Yes | Y58: 45909 | AC58: =VLOOKUP(B58,#REF!,19,0) -> #REF! | AP58: =IF(AM58>0,"Tempo Energized",IF(AL58>0,"Tempo Permit Released",IF(AK58>0,"COOP Surveyed",IF(AI58>0,"PO Issued",IF(AG58>0,"PQ Raised",IF(AF58>0,"Vendor Allocated",IF(X58>0,"BP Secured","Not yet endorsed"))))))) -> BP Secured | AQ58: {=IF(AM58>0,(TODAY()-AM58),IF(AL58>0,(TODAY()-AL58),IF(AK58>0,(TODAY()-AK58,IF(AI58>0,(TODAY()-AI58),IF(AG58>0,(TODAY()-AG58),IF(AF58>0,(TODAY()-AF58),IF(X58>0,(TODAY()-X58)," "))))))))} -> FALSE | BD58: =IF(BC58>0,"Permanent Energized",IF(BB58>0,"Bill deposit Paid",IF(BA58>0,"Line Construction Completed",IF(AZ58>0,"Line Construction Started",IF(AX58>0,"PO Issued",IF(AV58>0,"PQ Raised",IF(AU58>0,"BoQ Approved",IF(AT58>0,"BoQ Submitted",IF(AF58>0,"Vendor Allocated",IF(X58>0,"BP Secured",IF(U58>0,"TSSR Approved","Not yet endorsed"))))))))))) -> BP Secured | BE58: #VALUE! | BG58: #N/A
B59: PH120369 | C59: NS-BIZ22-B60 | D59: Brgy.Pigcawaran_Alamada_NorthCotabato | E59: Marlone | F59: 0 | G59: BTS 8 | H59: T7 | I59: MIN | J59: Region XII (SOCCSKSARGEN) | K59: Cotabato | L59: 0 | M59: 0 | N59: 0 | O59: 0 | P59: p. LGU Applied | Q59: 0 | R59: =IF(INDEX(#REF!,MATCH('data '!$B59,#REF!,0),MATCH('data '!R$3,#REF!,0))=0,"",INDEX(#REF!,MATCH('data '!$B59,#REF!,0),MATCH('data '!R$3,#REF!,0))) -> #REF! | S59: =IF(INDEX(#REF!,MATCH('data '!$B59,#REF!,0),MATCH('data '!S$3,#REF!,0))=0,"",INDEX(#REF!,MATCH('data '!$B59,#REF!,0),MATCH('data '!S$3,#REF!,0))) -> #REF! | T59: =IF(INDEX(#REF!,MATCH('data '!$B59,#REF!,0),MATCH('data '!T$3,#REF!,0))=0,"",INDEX(#REF!,MATCH('data '!$B59,#REF!,0),MATCH('data '!T$3,#REF!,0))) -> #REF! | V59: p. LGU Applied | W59: For BP Application | AC59: =VLOOKUP(B59,#REF!,19,0) -> #REF! | AP59: =IF(AM59>0,"Tempo Energized",IF(AL59>0,"Tempo Permit Released",IF(AK59>0,"COOP Surveyed",IF(AI59>0,"PO Issued",IF(AG59>0,"PQ Raised",IF(AF59>0,"Vendor Allocated",IF(X59>0,"BP Secured","Not yet endorsed"))))))) -> Not yet endorsed | AQ59: {=IF(AM59>0,(TODAY()-AM59),IF(AL59>0,(TODAY()-AL59),IF(AK59>0,(TODAY()-AK59,IF(AI59>0,(TODAY()-AI59),IF(AG59>0,(TODAY()-AG59),IF(AF59>0,(TODAY()-AF59),IF(X59>0,(TODAY()-X59)," "))))))))} -> FALSE | BD59: =IF(BC59>0,"Permanent Energized",IF(BB59>0,"Bill deposit Paid",IF(BA59>0,"Line Construction Completed",IF(AZ59>0,"Line Construction Started",IF(AX59>0,"PO Issued",IF(AV59>0,"PQ Raised",IF(AU59>0,"BoQ Approved",IF(AT59>0,"BoQ Submitted",IF(AF59>0,"Vendor Allocated",IF(X59>0,"BP Secured",IF(U59>0,"TSSR Approved","Not yet endorsed"))))))))))) -> Not yet endorsed | BG59: #N/A
B60: PH130183 | C60: NS-BIZ22-B72 | D60: Brgy.Maygatasan_BayuganCity_AgusanDelSur | E60: Marlone | F60: ASELCO | G60: BTS 8 | H60: T8 | I60: MIN | J60: Region XIII (Caraga) | K60: Agusan del Sur | L60: City of Bayugan | M60: 0 | N60: 0 | O60: 0 | P60: a.7. Problematic sites/Potential return sites | Q60: L - Under pre-construction | R60: =IF(INDEX(#REF!,MATCH('data '!$B60,#REF!,0),MATCH('data '!R$3,#REF!,0))=0,"",INDEX(#REF!,MATCH('data '!$B60,#REF!,0),MATCH('data '!R$3,#REF!,0))) -> #REF! | S60: =IF(INDEX(#REF!,MATCH('data '!$B60,#REF!,0),MATCH('data '!S$3,#REF!,0))=0,"",INDEX(#REF!,MATCH('data '!$B60,#REF!,0),MATCH('data '!S$3,#REF!,0))) -> #REF! | T60: =IF(INDEX(#REF!,MATCH('data '!$B60,#REF!,0),MATCH('data '!T$3,#REF!,0))=0,"",INDEX(#REF!,MATCH('data '!$B60,#REF!,0),MATCH('data '!T$3,#REF!,0))) -> #REF! | U60: Yes | V60: z.1 Returned site | W60: 0 | AC60: =VLOOKUP(B60,#REF!,19,0) -> #REF! | AP60: =IF(AM60>0,"Tempo Energized",IF(AL60>0,"Tempo Permit Released",IF(AK60>0,"COOP Surveyed",IF(AI60>0,"PO Issued",IF(AG60>0,"PQ Raised",IF(AF60>0,"Vendor Allocated",IF(X60>0,"BP Secured","Not yet endorsed"))))))) -> Not yet endorsed | AQ60: {=IF(AM60>0,(TODAY()-AM60),IF(AL60>0,(TODAY()-AL60),IF(AK60>0,(TODAY()-AK60,IF(AI60>0,(TODAY()-AI60),IF(AG60>0,(TODAY()-AG60),IF(AF60>0,(TODAY()-AF60),IF(X60>0,(TODAY()-X60)," "))))))))} -> FALSE | BD60: =IF(BC60>0,"Permanent Energized",IF(BB60>0,"Bill deposit Paid",IF(BA60>0,"Line Construction Completed",IF(AZ60>0,"Line Construction Started",IF(AX60>0,"PO Issued",IF(AV60>0,"PQ Raised",IF(AU60>0,"BoQ Approved",IF(AT60>0,"BoQ Submitted",IF(AF60>0,"Vendor Allocated",IF(X60>0,"BP Secured",IF(U60>0,"TSSR Approved","Not yet endorsed"))))))))))) -> TSSR Approved | BE60: #VALUE! | BG60: #N/A
B61: PH110579 | C61: NS-BIZ22-B90 | D61: Brgy.Elizalde(Somil)_Maco_DavaoDeOro | E61: Marlone | F61: NORDECO | G61: BTS 8 | H61: T7 | I61: MIN | J61: Region XI (Davao Region) | K61: Davao de Oro | L61: Maco | M61: Purok 2-A | N61: 7.387735 | O61: 125.98086 | P61: t. BP secured | Q61: A - Energized | R61: =IF(INDEX(#REF!,MATCH('data '!$B61,#REF!,0),MATCH('data '!R$3,#REF!,0))=0,"",INDEX(#REF!,MATCH('data '!$B61,#REF!,0),MATCH('data '!R$3,#REF!,0))) -> #REF! | S61: =IF(INDEX(#REF!,MATCH('data '!$B61,#REF!,0),MATCH('data '!S$3,#REF!,0))=0,"",INDEX(#REF!,MATCH('data '!$B61,#REF!,0),MATCH('data '!S$3,#REF!,0))) -> #REF! | T61: =IF(INDEX(#REF!,MATCH('data '!$B61,#REF!,0),MATCH('data '!T$3,#REF!,0))=0,"",INDEX(#REF!,MATCH('data '!$B61,#REF!,0),MATCH('data '!T$3,#REF!,0))) -> #REF! | U61: Yes | V61: y. OP secured | W61: RTB | X61: Yes | Y61: 45755 | AA61: 45663 | AC61: =VLOOKUP(B61,#REF!,19,0) -> #REF! | AE61: C-8 Construction Services | AP61: =IF(AM61>0,"Tempo Energized",IF(AL61>0,"Tempo Permit Released",IF(AK61>0,"COOP Surveyed",IF(AI61>0,"PO Issued",IF(AG61>0,"PQ Raised",IF(AF61>0,"Vendor Allocated",IF(X61>0,"BP Secured","Not yet endorsed"))))))) -> BP Secured | AQ61: {=IF(AM61>0,(TODAY()-AM61),IF(AL61>0,(TODAY()-AL61),IF(AK61>0,(TODAY()-AK61,IF(AI61>0,(TODAY()-AI61),IF(AG61>0,(TODAY()-AG61),IF(AF61>0,(TODAY()-AF61),IF(X61>0,(TODAY()-X61)," "))))))))} -> FALSE | AT61: TBC | AU61: 45784 | AV61: 45783 | AX61: 45786 | BD61: =IF(BC61>0,"Permanent Energized",IF(BB61>0,"Bill deposit Paid",IF(BA61>0,"Line Construction Completed",IF(AZ61>0,"Line Construction Started",IF(AX61>0,"PO Issued",IF(AV61>0,"PQ Raised",IF(AU61>0,"BoQ Approved",IF(AT61>0,"BoQ Submitted",IF(AF61>0,"Vendor Allocated",IF(X61>0,"BP Secured",IF(U61>0,"TSSR Approved","Not yet endorsed"))))))))))) -> PO Issued | BE61: 154 | BG61: #N/A
B62: PH140224 | C62: NS-BIZ22-B94 | D62: Brgy.KabatuhanTiis_Talipao_Sulu | E62: Marlone | F62: SULECO | G62: BTS 8 | H62: T8 | I62: MIN | J62: Autonomous Region In Muslim Mindanao (ARMM) | K62: Sulu | L62: Talipao | M62: 0 | N62: 0 | O62: 0 | P62: a.7. Problematic sites/Potential return sites | Q62: L - Under pre-construction | R62: =IF(INDEX(#REF!,MATCH('data '!$B62,#REF!,0),MATCH('data '!R$3,#REF!,0))=0,"",INDEX(#REF!,MATCH('data '!$B62,#REF!,0),MATCH('data '!R$3,#REF!,0))) -> #REF! | S62: =IF(INDEX(#REF!,MATCH('data '!$B62,#REF!,0),MATCH('data '!S$3,#REF!,0))=0,"",INDEX(#REF!,MATCH('data '!$B62,#REF!,0),MATCH('data '!S$3,#REF!,0))) -> #REF! | T62: =IF(INDEX(#REF!,MATCH('data '!$B62,#REF!,0),MATCH('data '!T$3,#REF!,0))=0,"",INDEX(#REF!,MATCH('data '!$B62,#REF!,0),MATCH('data '!T$3,#REF!,0))) -> #REF! | V62: a.3. for Final dispo | W62: 0 | AC62: =VLOOKUP(B62,#REF!,19,0) -> #REF! | AP62: =IF(AM62>0,"Tempo Energized",IF(AL62>0,"Tempo Permit Released",IF(AK62>0,"COOP Surveyed",IF(AI62>0,"PO Issued",IF(AG62>0,"PQ Raised",IF(AF62>0,"Vendor Allocated",IF(X62>0,"BP Secured","Not yet endorsed"))))))) -> Not yet endorsed | AQ62: {=IF(AM62>0,(TODAY()-AM62),IF(AL62>0,(TODAY()-AL62),IF(AK62>0,(TODAY()-AK62,IF(AI62>0,(TODAY()-AI62),IF(AG62>0,(TODAY()-AG62),IF(AF62>0,(TODAY()-AF62),IF(X62>0,(TODAY()-X62)," "))))))))} -> FALSE | BD62: =IF(BC62>0,"Permanent Energized",IF(BB62>0,"Bill deposit Paid",IF(BA62>0,"Line Construction Completed",IF(AZ62>0,"Line Construction Started",IF(AX62>0,"PO Issued",IF(AV62>0,"PQ Raised",IF(AU62>0,"BoQ Approved",IF(AT62>0,"BoQ Submitted",IF(AF62>0,"Vendor Allocated",IF(X62>0,"BP Secured",IF(U62>0,"TSSR Approved","Not yet endorsed"))))))))))) -> Not yet endorsed | BG62: #N/A
B63: PH100327 | C63: NS-BIZ22-C03 | D63: Brgy.Bugcaon_Lantapan_Bukidnon | E63: Marlone | F63: BUSECO | G63: BTS 8 | H63: T8 | I63: MIN | J63: Region X (Northern Mindanao) | K63: Bukidnon | L63: Lantapan | M63: Zone 1 | N63: 8.042593 | O63: 125.11301 | P63: t. BP secured | Q63: A - Energized | R63: =IF(INDEX(#REF!,MATCH('data '!$B63,#REF!,0),MATCH('data '!R$3,#REF!,0))=0,"",INDEX(#REF!,MATCH('data '!$B63,#REF!,0),MATCH('data '!R$3,#REF!,0))) -> #REF! | S63: =IF(INDEX(#REF!,MATCH('data '!$B63,#REF!,0),MATCH('data '!S$3,#REF!,0))=0,"",INDEX(#REF!,MATCH('data '!$B63,#REF!,0),MATCH('data '!S$3,#REF!,0))) -> #REF! | T63: =IF(INDEX(#REF!,MATCH('data '!$B63,#REF!,0),MATCH('data '!T$3,#REF!,0))=0,"",INDEX(#REF!,MATCH('data '!$B63,#REF!,0),MATCH('data '!T$3,#REF!,0))) -> #REF! | U63: Yes | V63: y. OP secured | W63: RTB | X63: Yes | Y63: 45737 | AA63: 45844 | AB63: 45926 | AC63: =VLOOKUP(B63,#REF!,19,0) -> #REF! | AE63: BC Ubarco Engineering Consultancy | AP63: =IF(AM63>0,"Tempo Energized",IF(AL63>0,"Tempo Permit Released",IF(AK63>0,"COOP Surveyed",IF(AI63>0,"PO Issued",IF(AG63>0,"PQ Raised",IF(AF63>0,"Vendor Allocated",IF(X63>0,"BP Secured","Not yet endorsed"))))))) -> BP Secured | AQ63: {=IF(AM63>0,(TODAY()-AM63),IF(AL63>0,(TODAY()-AL63),IF(AK63>0,(TODAY()-AK63,IF(AI63>0,(TODAY()-AI63),IF(AG63>0,(TODAY()-AG63),IF(AF63>0,(TODAY()-AF63),IF(X63>0,(TODAY()-X63)," "))))))))} -> FALSE | AT63: TBC | AU63: 45784 | AV63: 45783 | AX63: 45786 | BD63: =IF(BC63>0,"Permanent Energized",IF(BB63>0,"Bill deposit Paid",IF(BA63>0,"Line Construction Completed",IF(AZ63>0,"Line Construction Started",IF(AX63>0,"PO Issued",IF(AV63>0,"PQ Raised",IF(AU63>0,"BoQ Approved",IF(AT63>0,"BoQ Submitted",IF(AF63>0,"Vendor Allocated",IF(X63>0,"BP Secured",IF(U63>0,"TSSR Approved","Not yet endorsed"))))))))))) -> PO Issued | BE63: 154 | BG63: #N/A
B64: PH120345 | C64: NS-BIZ22-C04 | D64: BrgyMalinao_Banisilan_Cotabato (North Cotabato) | E64: Marlone | F64: 0 | G64: BTS 8 | H64: T7 | I64: MIN | J64: Region XII (SOCCSKSARGEN) | K64: Cotabato | L64: Banisilan | M64: 0 | N64: 7.558021 | O64: 124.70478 | P64: t. BP secured | Q64: G - Pending Foundation Completion | R64: =IF(INDEX(#REF!,MATCH('data '!$B64,#REF!,0),MATCH('data '!R$3,#REF!,0))=0,"",INDEX(#REF!,MATCH('data '!$B64,#REF!,0),MATCH('data '!R$3,#REF!,0))) -> #REF! | S64: =IF(INDEX(#REF!,MATCH('data '!$B64,#REF!,0),MATCH('data '!S$3,#REF!,0))=0,"",INDEX(#REF!,MATCH('data '!$B64,#REF!,0),MATCH('data '!S$3,#REF!,0))) -> #REF! | T64: =IF(INDEX(#REF!,MATCH('data '!$B64,#REF!,0),MATCH('data '!T$3,#REF!,0))=0,"",INDEX(#REF!,MATCH('data '!$B64,#REF!,0),MATCH('data '!T$3,#REF!,0))) -> #REF! | U64: Yes | V64: v. Site Dev Complete Awaiting ABP | W64: RTB | X64: Yes | Y64: 45882 | Z64: 45817 | AC64: =VLOOKUP(B64,#REF!,19,0) -> #REF! | AP64: =IF(AM64>0,"Tempo Energized",IF(AL64>0,"Tempo Permit Released",IF(AK64>0,"COOP Surveyed",IF(AI64>0,"PO Issued",IF(AG64>0,"PQ Raised",IF(AF64>0,"Vendor Allocated",IF(X64>0,"BP Secured","Not yet endorsed"))))))) -> BP Secured | AQ64: {=IF(AM64>0,(TODAY()-AM64),IF(AL64>0,(TODAY()-AL64),IF(AK64>0,(TODAY()-AK64,IF(AI64>0,(TODAY()-AI64),IF(AG64>0,(TODAY()-AG64),IF(AF64>0,(TODAY()-AF64),IF(X64>0,(TODAY()-X64)," "))))))))} -> FALSE | BD64: =IF(BC64>0,"Permanent Energized",IF(BB64>0,"Bill deposit Paid",IF(BA64>0,"Line Construction Completed",IF(AZ64>0,"Line Construction Started",IF(AX64>0,"PO Issued",IF(AV64>0,"PQ Raised",IF(AU64>0,"BoQ Approved",IF(AT64>0,"BoQ Submitted",IF(AF64>0,"Vendor Allocated",IF(X64>0,"BP Secured",IF(U64>0,"TSSR Approved","Not yet endorsed"))))))))))) -> BP Secured | BE64: #VALUE! | BG64: #N/A
B65: PH120352 | C65: NS-BIZ22-C05 | D65: BrgyMinapan_Tulunan_Cotabato (North Cotabato) | E65: Marlone | F65: COTELCO | G65: BTS 8 | H65: T7 | I65: MIN | J65: Region XII (SOCCSKSARGEN) | K65: Cotabato | L65: Tulunan | M65: 0 | N65: 0 | O65: 0 | P65: a.9. PSH Done- For GT final disposition | Q65: L - Under pre-construction | R65: =IF(INDEX(#REF!,MATCH('data '!$B65,#REF!,0),MATCH('data '!R$3,#REF!,0))=0,"",INDEX(#REF!,MATCH('data '!$B65,#REF!,0),MATCH('data '!R$3,#REF!,0))) -> #REF! | S65: =IF(INDEX(#REF!,MATCH('data '!$B65,#REF!,0),MATCH('data '!S$3,#REF!,0))=0,"",INDEX(#REF!,MATCH('data '!$B65,#REF!,0),MATCH('data '!S$3,#REF!,0))) -> #REF! | T65: =IF(INDEX(#REF!,MATCH('data '!$B65,#REF!,0),MATCH('data '!T$3,#REF!,0))=0,"",INDEX(#REF!,MATCH('data '!$B65,#REF!,0),MATCH('data '!T$3,#REF!,0))) -> #REF! | V65: z.1 Returned site | W65: 0 | AC65: =VLOOKUP(B65,#REF!,19,0) -> #REF! | AP65: =IF(AM65>0,"Tempo Energized",IF(AL65>0,"Tempo Permit Released",IF(AK65>0,"COOP Surveyed",IF(AI65>0,"PO Issued",IF(AG65>0,"PQ Raised",IF(AF65>0,"Vendor Allocated",IF(X65>0,"BP Secured","Not yet endorsed"))))))) -> Not yet endorsed | AQ65: {=IF(AM65>0,(TODAY()-AM65),IF(AL65>0,(TODAY()-AL65),IF(AK65>0,(TODAY()-AK65,IF(AI65>0,(TODAY()-AI65),IF(AG65>0,(TODAY()-AG65),IF(AF65>0,(TODAY()-AF65),IF(X65>0,(TODAY()-X65)," "))))))))} -> FALSE | BD65: =IF(BC65>0,"Permanent Energized",IF(BB65>0,"Bill deposit Paid",IF(BA65>0,"Line Construction Completed",IF(AZ65>0,"Line Construction Started",IF(AX65>0,"PO Issued",IF(AV65>0,"PQ Raised",IF(AU65>0,"BoQ Approved",IF(AT65>0,"BoQ Submitted",IF(AF65>0,"Vendor Allocated",IF(X65>0,"BP Secured",IF(U65>0,"TSSR Approved","Not yet endorsed"))))))))))) -> Not yet endorsed | BG65: #N/A
B66: PH120367 | C66: NS-BIZ22-C12 | D66: Brgy.Simsiman_Pigkawayan_NorthCotabato | E66: Marlone | F66: 0 | G66: BTS 8 | H66: T7 | I66: MIN | J66: Region XII (SOCCSKSARGEN) | K66: Cotabato | L66: Pigkawayan | M66: 0 | N66: 7.23219 | O66: 124.38068 | P66: t. BP secured | Q66: E - Pending Tower Erection Completion | R66: =IF(INDEX(#REF!,MATCH('data '!$B66,#REF!,0),MATCH('data '!R$3,#REF!,0))=0,"",INDEX(#REF!,MATCH('data '!$B66,#REF!,0),MATCH('data '!R$3,#REF!,0))) -> #REF! | S66: =IF(INDEX(#REF!,MATCH('data '!$B66,#REF!,0),MATCH('data '!S$3,#REF!,0))=0,"",INDEX(#REF!,MATCH('data '!$B66,#REF!,0),MATCH('data '!S$3,#REF!,0))) -> #REF! | T66: =IF(INDEX(#REF!,MATCH('data '!$B66,#REF!,0),MATCH('data '!T$3,#REF!,0))=0,"",INDEX(#REF!,MATCH('data '!$B66,#REF!,0),MATCH('data '!T$3,#REF!,0))) -> #REF! | V66: v. Site Dev Complete Awaiting ABP | W66: RTB | X66: Yes | Y66: 45878 | AC66: =VLOOKUP(B66,#REF!,19,0) -> #REF! | AP66: =IF(AM66>0,"Tempo Energized",IF(AL66>0,"Tempo Permit Released",IF(AK66>0,"COOP Surveyed",IF(AI66>0,"PO Issued",IF(AG66>0,"PQ Raised",IF(AF66>0,"Vendor Allocated",IF(X66>0,"BP Secured","Not yet endorsed"))))))) -> BP Secured | AQ66: {=IF(AM66>0,(TODAY()-AM66),IF(AL66>0,(TODAY()-AL66),IF(AK66>0,(TODAY()-AK66,IF(AI66>0,(TODAY()-AI66),IF(AG66>0,(TODAY()-AG66),IF(AF66>0,(TODAY()-AF66),IF(X66>0,(TODAY()-X66)," "))))))))} -> FALSE | BD66: =IF(BC66>0,"Permanent Energized",IF(BB66>0,"Bill deposit Paid",IF(BA66>0,"Line Construction Completed",IF(AZ66>0,"Line Construction Started",IF(AX66>0,"PO Issued",IF(AV66>0,"PQ Raised",IF(AU66>0,"BoQ Approved",IF(AT66>0,"BoQ Submitted",IF(AF66>0,"Vendor Allocated",IF(X66>0,"BP Secured",IF(U66>0,"TSSR Approved","Not yet endorsed"))))))))))) -> BP Secured | BE66: #VALUE! | BG66: #N/A
B67: PH120351 | C67: NS-BIZ22-C14 | D67: BrgyDoroluman_Arakan_Cotabato (North Cotabato) | E67: Marlone | F67: 0 | G67: BTS 8 | H67: T7 | I67: MIN | J67: Region XII (SOCCSKSARGEN) | K67: Cotabato | L67: 0 | M67: 0 | N67: 0 | O67: 0 | P67: e.2. TSSR endorsed to CM, awaiting Site Inspection Checklist | Q67: L - Under pre-construction | R67: =IF(INDEX(#REF!,MATCH('data '!$B67,#REF!,0),MATCH('data '!R$3,#REF!,0))=0,"",INDEX(#REF!,MATCH('data '!$B67,#REF!,0),MATCH('data '!R$3,#REF!,0))) -> #REF! | S67: =IF(INDEX(#REF!,MATCH('data '!$B67,#REF!,0),MATCH('data '!S$3,#REF!,0))=0,"",INDEX(#REF!,MATCH('data '!$B67,#REF!,0),MATCH('data '!S$3,#REF!,0))) -> #REF! | T67: =IF(INDEX(#REF!,MATCH('data '!$B67,#REF!,0),MATCH('data '!T$3,#REF!,0))=0,"",INDEX(#REF!,MATCH('data '!$B67,#REF!,0),MATCH('data '!T$3,#REF!,0))) -> #REF! | U67: Yes | V67: h. Pending GT TSSR Approval | W67: 0 | AC67: =VLOOKUP(B67,#REF!,19,0) -> #REF! | AP67: =IF(AM67>0,"Tempo Energized",IF(AL67>0,"Tempo Permit Released",IF(AK67>0,"COOP Surveyed",IF(AI67>0,"PO Issued",IF(AG67>0,"PQ Raised",IF(AF67>0,"Vendor Allocated",IF(X67>0,"BP Secured","Not yet endorsed"))))))) -> Not yet endorsed | AQ67: {=IF(AM67>0,(TODAY()-AM67),IF(AL67>0,(TODAY()-AL67),IF(AK67>0,(TODAY()-AK67,IF(AI67>0,(TODAY()-AI67),IF(AG67>0,(TODAY()-AG67),IF(AF67>0,(TODAY()-AF67),IF(X67>0,(TODAY()-X67)," "))))))))} -> FALSE | BD67: =IF(BC67>0,"Permanent Energized",IF(BB67>0,"Bill deposit Paid",IF(BA67>0,"Line Construction Completed",IF(AZ67>0,"Line Construction Started",IF(AX67>0,"PO Issued",IF(AV67>0,"PQ Raised",IF(AU67>0,"BoQ Approved",IF(AT67>0,"BoQ Submitted",IF(AF67>0,"Vendor Allocated",IF(X67>0,"BP Secured",IF(U67>0,"TSSR Approved","Not yet endorsed"))))))))))) -> TSSR Approved | BE67: #VALUE! | BG67: #N/A
B68: PH120343 | C68: NS-BIZ22-C17 | D68: Brgy.Alegria01_Alabel(Capital)_Sarangani | E68: Marlone | F68: DASURECO | G68: BTS 8 | H68: T7 | I68: MIN | J68: Region XII (SOCCSKSARGEN) | K68: Sarangani | L68: Alabel (Capital) | M68: 0 | N68: 6.151 | O68: 125.2878 | P68: t. BP secured | Q68: C - Pending Post-Con Permit Approval | R68: =IF(INDEX(#REF!,MATCH('data '!$B68,#REF!,0),MATCH('data '!R$3,#REF!,0))=0,"",INDEX(#REF!,MATCH('data '!$B68,#REF!,0),MATCH('data '!R$3,#REF!,0))) -> #REF! | S68: =IF(INDEX(#REF!,MATCH('data '!$B68,#REF!,0),MATCH('data '!S$3,#REF!,0))=0,"",INDEX(#REF!,MATCH('data '!$B68,#REF!,0),MATCH('data '!S$3,#REF!,0))) -> #REF! | T68: =IF(INDEX(#REF!,MATCH('data '!$B68,#REF!,0),MATCH('data '!T$3,#REF!,0))=0,"",INDEX(#REF!,MATCH('data '!$B68,#REF!,0),MATCH('data '!T$3,#REF!,0))) -> #REF! | U68: Yes | V68: y. OP secured | W68: RTB | X68: Yes | Y68: 45808 | Z68: 45753 | AA68: 17/07/2025 | AC68: =VLOOKUP(B68,#REF!,19,0) -> #REF! | AE68: Jolo Engineering Services | AP68: =IF(AM68>0,"Tempo Energized",IF(AL68>0,"Tempo Permit Released",IF(AK68>0,"COOP Surveyed",IF(AI68>0,"PO Issued",IF(AG68>0,"PQ Raised",IF(AF68>0,"Vendor Allocated",IF(X68>0,"BP Secured","Not yet endorsed"))))))) -> BP Secured | AQ68: {=IF(AM68>0,(TODAY()-AM68),IF(AL68>0,(TODAY()-AL68),IF(AK68>0,(TODAY()-AK68,IF(AI68>0,(TODAY()-AI68),IF(AG68>0,(TODAY()-AG68),IF(AF68>0,(TODAY()-AF68),IF(X68>0,(TODAY()-X68)," "))))))))} -> FALSE | AT68: 45911 | AU68: 45915 | BD68: =IF(BC68>0,"Permanent Energized",IF(BB68>0,"Bill deposit Paid",IF(BA68>0,"Line Construction Completed",IF(AZ68>0,"Line Construction Started",IF(AX68>0,"PO Issued",IF(AV68>0,"PQ Raised",IF(AU68>0,"BoQ Approved",IF(AT68>0,"BoQ Submitted",IF(AF68>0,"Vendor Allocated",IF(X68>0,"BP Secured",IF(U68>0,"TSSR Approved","Not yet endorsed"))))))))))) -> BoQ Approved | BE68: 25 | BG68: #N/A
B69: PH120356 | C69: NS-BIZ22-C23 | D69: Brgy.Baliango_Palimbang_SultanKudarat | E69: Marlone | F69: 0 | G69: BTS 8 | H69: T7 | I69: MIN | J69: Region XII (SOCCSKSARGEN) | K69: Sultan Kudarat | L69: 0 | M69: 0 | N69: 6.198395 | O69: 124.2083 | P69: t. BP secured | Q69: G - Pending Foundation Completion | R69: =IF(INDEX(#REF!,MATCH('data '!$B69,#REF!,0),MATCH('data '!R$3,#REF!,0))=0,"",INDEX(#REF!,MATCH('data '!$B69,#REF!,0),MATCH('data '!R$3,#REF!,0))) -> #REF! | S69: =IF(INDEX(#REF!,MATCH('data '!$B69,#REF!,0),MATCH('data '!S$3,#REF!,0))=0,"",INDEX(#REF!,MATCH('data '!$B69,#REF!,0),MATCH('data '!S$3,#REF!,0))) -> #REF! | T69: =IF(INDEX(#REF!,MATCH('data '!$B69,#REF!,0),MATCH('data '!T$3,#REF!,0))=0,"",INDEX(#REF!,MATCH('data '!$B69,#REF!,0),MATCH('data '!T$3,#REF!,0))) -> #REF! | V69: u. RTB | W69: RTB | X69: Yes | Y69: 45896 | Z69: 45847 | AC69: =VLOOKUP(B69,#REF!,19,0) -> #REF! | AP69: =IF(AM69>0,"Tempo Energized",IF(AL69>0,"Tempo Permit Released",IF(AK69>0,"COOP Surveyed",IF(AI69>0,"PO Issued",IF(AG69>0,"PQ Raised",IF(AF69>0,"Vendor Allocated",IF(X69>0,"BP Secured","Not yet endorsed"))))))) -> BP Secured | AQ69: {=IF(AM69>0,(TODAY()-AM69),IF(AL69>0,(TODAY()-AL69),IF(AK69>0,(TODAY()-AK69,IF(AI69>0,(TODAY()-AI69),IF(AG69>0,(TODAY()-AG69),IF(AF69>0,(TODAY()-AF69),IF(X69>0,(TODAY()-X69)," "))))))))} -> FALSE | BD69: =IF(BC69>0,"Permanent Energized",IF(BB69>0,"Bill deposit Paid",IF(BA69>0,"Line Construction Completed",IF(AZ69>0,"Line Construction Started",IF(AX69>0,"PO Issued",IF(AV69>0,"PQ Raised",IF(AU69>0,"BoQ Approved",IF(AT69>0,"BoQ Submitted",IF(AF69>0,"Vendor Allocated",IF(X69>0,"BP Secured",IF(U69>0,"TSSR Approved","Not yet endorsed"))))))))))) -> BP Secured | BE69: #VALUE! | BG69: #N/A
B70: PH150179 | C70: NS-BIZ22-C51 | D70: LGU-VIP_BrgyIli_Conner_Apayao | E70: Marilyn | F70: KAELCO | G70: BTS 8 | H70: T1 | I70: NLZ | J70: Cordillera Administrative Region (CAR) | K70: Apayao | L70: Conner | M70: 0 | N70: 17.8316 | O70: 121.2663 | P70: t. BP secured | Q70: G - Pending Foundation Completion | R70: =IF(INDEX(#REF!,MATCH('data '!$B70,#REF!,0),MATCH('data '!R$3,#REF!,0))=0,"",INDEX(#REF!,MATCH('data '!$B70,#REF!,0),MATCH('data '!R$3,#REF!,0))) -> #REF! | S70: =IF(INDEX(#REF!,MATCH('data '!$B70,#REF!,0),MATCH('data '!S$3,#REF!,0))=0,"",INDEX(#REF!,MATCH('data '!$B70,#REF!,0),MATCH('data '!S$3,#REF!,0))) -> #REF! | T70: =IF(INDEX(#REF!,MATCH('data '!$B70,#REF!,0),MATCH('data '!T$3,#REF!,0))=0,"",INDEX(#REF!,MATCH('data '!$B70,#REF!,0),MATCH('data '!T$3,#REF!,0))) -> #REF! | V70: u. RTB | W70: RTB | X70: Yes | Y70: 45831 | Z70: 45755 | AC70: =VLOOKUP(B70,#REF!,19,0) -> #REF! | AE70: Carlson Electrical Supply and Services | AF70: 45908 | AG70: 45908 | AH70: FTAPPQ0012306 | AI70: 45909 | AJ70: FTAPPO0011517 | AK70: 45916 | AL70: 45944 | AM70: 45969 | AP70: =IF(AM70>0,"Tempo Energized",IF(AL70>0,"Tempo Permit Released",IF(AK70>0,"COOP Surveyed",IF(AI70>0,"PO Issued",IF(AG70>0,"PQ Raised",IF(AF70>0,"Vendor Allocated",IF(X70>0,"BP Secured","Not yet endorsed"))))))) -> Tempo Energized | AS70: 10/14 target until next wk energization | BD70: =IF(BC70>0,"Permanent Energized",IF(BB70>0,"Bill deposit Paid",IF(BA70>0,"Line Construction Completed",IF(AZ70>0,"Line Construction Started",IF(AX70>0,"PO Issued",IF(AV70>0,"PQ Raised",IF(AU70>0,"BoQ Approved",IF(AT70>0,"BoQ Submitted",IF(AF70>0,"Vendor Allocated",IF(X70>0,"BP Secured",IF(U70>0,"TSSR Approved","Not yet endorsed"))))))))))) -> Vendor Allocated | BE70: 32 | BF70: 10/13 Application applied waiting COOP SOA and staking sheet prior Submission of BOQ | BG70: #N/A | BH70: #REF!
B71: PH130141 | C71: NS-BIZ22-C59 | D71: Brgy.Carromata_SanMiguel_SurigaoDelSur | E71: Marlone | F71: SURSECO II | G71: BTS 8 | H71: T8 | I71: MIN | J71: Region XIII (Caraga) | K71: Surigao del Sur | L71: San Miguel | M71: 0 | N71: 8.967856 | O71: 125.97733 | P71: t. BP secured | Q71: A - Energized | R71: =IF(INDEX(#REF!,MATCH('data '!$B71,#REF!,0),MATCH('data '!R$3,#REF!,0))=0,"",INDEX(#REF!,MATCH('data '!$B71,#REF!,0),MATCH('data '!R$3,#REF!,0))) -> #REF! | S71: =IF(INDEX(#REF!,MATCH('data '!$B71,#REF!,0),MATCH('data '!S$3,#REF!,0))=0,"",INDEX(#REF!,MATCH('data '!$B71,#REF!,0),MATCH('data '!S$3,#REF!,0))) -> #REF! | T71: =IF(INDEX(#REF!,MATCH('data '!$B71,#REF!,0),MATCH('data '!T$3,#REF!,0))=0,"",INDEX(#REF!,MATCH('data '!$B71,#REF!,0),MATCH('data '!T$3,#REF!,0))) -> #REF! | U71: Yes | V71: y. OP secured | W71: RTB | X71: Yes | Y71: 45803 | AA71: 20/08/2025 | AC71: =VLOOKUP(B71,#REF!,19,0) -> #REF! | AE71: C-8 Construction Services | AP71: =IF(AM71>0,"Tempo Energized",IF(AL71>0,"Tempo Permit Released",IF(AK71>0,"COOP Surveyed",IF(AI71>0,"PO Issued",IF(AG71>0,"PQ Raised",IF(AF71>0,"Vendor Allocated",IF(X71>0,"BP Secured","Not yet endorsed"))))))) -> BP Secured | AQ71: {=IF(AM71>0,(TODAY()-AM71),IF(AL71>0,(TODAY()-AL71),IF(AK71>0,(TODAY()-AK71,IF(AI71>0,(TODAY()-AI71),IF(AG71>0,(TODAY()-AG71),IF(AF71>0,(TODAY()-AF71),IF(X71>0,(TODAY()-X71)," "))))))))} -> FALSE | AT71: TBC | AU71: 45867 | AV71: 45873 | AX71: 45876 | BD71: =IF(BC71>0,"Permanent Energized",IF(BB71>0,"Bill deposit Paid",IF(BA71>0,"Line Construction Completed",IF(AZ71>0,"Line Construction Started",IF(AX71>0,"PO Issued",IF(AV71>0,"PQ Raised",IF(AU71>0,"BoQ Approved",IF(AT71>0,"BoQ Submitted",IF(AF71>0,"Vendor Allocated",IF(X71>0,"BP Secured",IF(U71>0,"TSSR Approved","Not yet endorsed"))))))))))) -> PO Issued | BE71: 64 | BG71: #N/A
B72: PH130143 | C72: NS-BIZ22-C60 | D72: Brgy.Bolhoon_SanMiguel_SurigaoDelSur | E72: Marlone | F72: SURSECO II | G72: BTS 8 | H72: T8 | I72: MIN | J72: Region XIII (Caraga) | K72: Surigao del Sur | L72: San Miguel | M72: Purok 3 | N72: 8.865942 | O72: 125.97617 | P72: t. BP secured | Q72: A - Energized | R72: =IF(INDEX(#REF!,MATCH('data '!$B72,#REF!,0),MATCH('data '!R$3,#REF!,0))=0,"",INDEX(#REF!,MATCH('data '!$B72,#REF!,0),MATCH('data '!R$3,#REF!,0))) -> #REF! | S72: =IF(INDEX(#REF!,MATCH('data '!$B72,#REF!,0),MATCH('data '!S$3,#REF!,0))=0,"",INDEX(#REF!,MATCH('data '!$B72,#REF!,0),MATCH('data '!S$3,#REF!,0))) -> #REF! | T72: =IF(INDEX(#REF!,MATCH('data '!$B72,#REF!,0),MATCH('data '!T$3,#REF!,0))=0,"",INDEX(#REF!,MATCH('data '!$B72,#REF!,0),MATCH('data '!T$3,#REF!,0))) -> #REF! | U72: Yes | V72: y. OP secured | W72: RTB | X72: Yes | Y72: 45724 | AA72: 26/04/2025 | AB72: 45926 | AC72: =VLOOKUP(B72,#REF!,19,0) -> #REF! | AE72: Jolo Engineering Services | AP72: =IF(AM72>0,"Tempo Energized",IF(AL72>0,"Tempo Permit Released",IF(AK72>0,"COOP Surveyed",IF(AI72>0,"PO Issued",IF(AG72>0,"PQ Raised",IF(AF72>0,"Vendor Allocated",IF(X72>0,"BP Secured","Not yet endorsed"))))))) -> BP Secured | AQ72: {=IF(AM72>0,(TODAY()-AM72),IF(AL72>0,(TODAY()-AL72),IF(AK72>0,(TODAY()-AK72,IF(AI72>0,(TODAY()-AI72),IF(AG72>0,(TODAY()-AG72),IF(AF72>0,(TODAY()-AF72),IF(X72>0,(TODAY()-X72)," "))))))))} -> FALSE | AT72: TBC | AU72: 45770 | AV72: 45769 | AX72: 45772 | BD72: =IF(BC72>0,"Permanent Energized",IF(BB72>0,"Bill deposit Paid",IF(BA72>0,"Line Construction Completed",IF(AZ72>0,"Line Construction Started",IF(AX72>0,"PO Issued",IF(AV72>0,"PQ Raised",IF(AU72>0,"BoQ Approved",IF(AT72>0,"BoQ Submitted",IF(AF72>0,"Vendor Allocated",IF(X72>0,"BP Secured",IF(U72>0,"TSSR Approved","Not yet endorsed"))))))))))) -> PO Issued | BE72: 168 | BG72: #N/A
B73: PH030825 | C73: NS-BIZ23-A12 | D73: BrgyBrillante_Paniqui_Tarlac | E73: CJ | F73: TARELCO I | G73: BTS 8 | H73: T1 | I73: NLZ | J73: Region III (Central Luzon) | K73: Tarlac | L73: Paniqui | M73: 0 | N73: 15.6427 | O73: 120.52325 | P73: t. BP secured | Q73: C - Pending Post-Con Permit Approval | R73: =IF(INDEX(#REF!,MATCH('data '!$B73,#REF!,0),MATCH('data '!R$3,#REF!,0))=0,"",INDEX(#REF!,MATCH('data '!$B73,#REF!,0),MATCH('data '!R$3,#REF!,0))) -> #REF! | S73: =IF(INDEX(#REF!,MATCH('data '!$B73,#REF!,0),MATCH('data '!S$3,#REF!,0))=0,"",INDEX(#REF!,MATCH('data '!$B73,#REF!,0),MATCH('data '!S$3,#REF!,0))) -> #REF! | T73: =IF(INDEX(#REF!,MATCH('data '!$B73,#REF!,0),MATCH('data '!T$3,#REF!,0))=0,"",INDEX(#REF!,MATCH('data '!$B73,#REF!,0),MATCH('data '!T$3,#REF!,0))) -> #REF! | U73: Yes | V73: y. OP secured | W73: RTB | X73: Yes | Y73: 45807 | AA73: 45817 | AC73: =VLOOKUP(B73,#REF!,19,0) -> #REF! | AE73: C.S ENRIQUEZ (CSEMSCORP Contractors, Fabricators) Inc. | AF73: 45814 | AH73: direct to Permanent | AP73: =IF(AM73>0,"Tempo Energized",IF(AL73>0,"Tempo Permit Released",IF(AK73>0,"COOP Surveyed",IF(AI73>0,"PO Issued",IF(AG73>0,"PQ Raised",IF(AF73>0,"Vendor Allocated",IF(X73>0,"BP Secured","Not yet endorsed"))))))) -> Vendor Allocated | AQ73: {=IF(AM73>0,(TODAY()-AM73),IF(AL73>0,(TODAY()-AL73),IF(AK73>0,(TODAY()-AK73,IF(AI73>0,(TODAY()-AI73),IF(AG73>0,(TODAY()-AG73),IF(AF73>0,(TODAY()-AF73),IF(X73>0,(TODAY()-X73)," "))))))))} -> FALSE | AT73: 45957 | AU73: 45966 | AV73: 45966 | AW73: FTAPPQ0013496 | AX73: 45966 | AY73: FTAPPO0012623 | AZ73: 46006 | BD73: =IF(BC73>0,"Permanent Energized",IF(BB73>0,"Bill deposit Paid",IF(BA73>0,"Line Construction Completed",IF(AZ73>0,"Line Construction Started",IF(AX73>0,"PO Issued",IF(AV73>0,"PQ Raised",IF(AU73>0,"BoQ Approved",IF(AT73>0,"BoQ Submitted",IF(AF73>0,"Vendor Allocated",IF(X73>0,"BP Secured",IF(U73>0,"TSSR Approved","Not yet endorsed"))))))))))) -> Line Construction Started | BE73: 126 | BF73: 10/20/2025: For submission of vendor BOM.10/12/2025: Awaiting coop BOM. | BG73: #N/A
B74: PH030826 | C74: NS-BIZ23-A13 | D74: BrgyColibangbang_Paniqui_Tarlac | E74: CJ | F74: TARELCO I | G74: BTS 8 | H74: T1 | I74: NLZ | J74: Region III (Central Luzon) | K74: Tarlac | L74: Paniqui | M74: 0 | N74: 15.630262 | O74: 120.54919 | P74: t. BP secured | Q74: D - Pending Site Development Completion | R74: =IF(INDEX(#REF!,MATCH('data '!$B74,#REF!,0),MATCH('data '!R$3,#REF!,0))=0,"",INDEX(#REF!,MATCH('data '!$B74,#REF!,0),MATCH('data '!R$3,#REF!,0))) -> #REF! | S74: =IF(INDEX(#REF!,MATCH('data '!$B74,#REF!,0),MATCH('data '!S$3,#REF!,0))=0,"",INDEX(#REF!,MATCH('data '!$B74,#REF!,0),MATCH('data '!S$3,#REF!,0))) -> #REF! | T74: =IF(INDEX(#REF!,MATCH('data '!$B74,#REF!,0),MATCH('data '!T$3,#REF!,0))=0,"",INDEX(#REF!,MATCH('data '!$B74,#REF!,0),MATCH('data '!T$3,#REF!,0))) -> #REF! | U74: Yes | V74: x. OP Applied | W74: RTB | X74: Yes | Y74: 45819 | AC74: =VLOOKUP(B74,#REF!,19,0) -> #REF! | AE74: JRJA Builders Supply and Services Co. | AF74: 45908 | AG74: 45908 | AH74: FTAPPQ0012308 | AI74: 45909 | AJ74: FTAPPO0011519 | AK74: 45931 | AL74: 45915 | AM74: 45926 | AP74: =IF(AM74>0,"Tempo Energized",IF(AL74>0,"Tempo Permit Released",IF(AK74>0,"COOP Surveyed",IF(AI74>0,"PO Issued",IF(AG74>0,"PQ Raised",IF(AF74>0,"Vendor Allocated",IF(X74>0,"BP Secured","Not yet endorsed"))))))) -> Tempo Energized | AS74: 9/23/2025: Temporary power applied. JTSS done. For line construction once weather is ok. | AT74: 45957 | AU74: 45966 | AV74: 45966 | AW74: FTAPPQ0013496 | AX74: 45966 | AY74: FTAPPO0012623 | BD74: =IF(BC74>0,"Permanent Energized",IF(BB74>0,"Bill deposit Paid",IF(BA74>0,"Line Construction Completed",IF(AZ74>0,"Line Construction Started",IF(AX74>0,"PO Issued",IF(AV74>0,"PQ Raised",IF(AU74>0,"BoQ Approved",IF(AT74>0,"BoQ Submitted",IF(AF74>0,"Vendor Allocated",IF(X74>0,"BP Secured",IF(U74>0,"TSSR Approved","Not yet endorsed"))))))))))) -> PO Issued | BF74: 10/20/2026: Awaiting coop BOM. | BG74: #N/A
B75: PH030802 | C75: NS-BIZ23-A14 | D75: BrgyCut-cutII_TarlacCity_Tarlac | E75: CJ | F75: TEI | G75: BTS 8 | H75: T1 | I75: NLZ | J75: Region III (Central Luzon) | K75: Tarlac | L75: City of Tarlac (Capital) | M75: 0 | N75: 15.472346 | O75: 120.64551 | P75: t. BP secured | Q75: L - Under pre-construction | R75: =IF(INDEX(#REF!,MATCH('data '!$B75,#REF!,0),MATCH('data '!R$3,#REF!,0))=0,"",INDEX(#REF!,MATCH('data '!$B75,#REF!,0),MATCH('data '!R$3,#REF!,0))) -> #REF! | S75: =IF(INDEX(#REF!,MATCH('data '!$B75,#REF!,0),MATCH('data '!S$3,#REF!,0))=0,"",INDEX(#REF!,MATCH('data '!$B75,#REF!,0),MATCH('data '!S$3,#REF!,0))) -> #REF! | T75: =IF(INDEX(#REF!,MATCH('data '!$B75,#REF!,0),MATCH('data '!T$3,#REF!,0))=0,"",INDEX(#REF!,MATCH('data '!$B75,#REF!,0),MATCH('data '!T$3,#REF!,0))) -> #REF! | U75: Yes | V75: u. RTB | W75: RTB | X75: Yes | Y75: 45878 | AC75: =VLOOKUP(B75,#REF!,19,0) -> #REF! | AE75: Larc Telecoms Inc. | AF75: 45908 | AG75: 45908 | AH75: FTAPPQ0012310 | AI75: 45909 | AJ75: FTAPPO0011520 | AK75: 45916 | AP75: =IF(AM75>0,"Tempo Energized",IF(AL75>0,"Tempo Permit Released",IF(AK75>0,"COOP Surveyed",IF(AI75>0,"PO Issued",IF(AG75>0,"PQ Raised",IF(AF75>0,"Vendor Allocated",IF(X75>0,"BP Secured","Not yet endorsed"))))))) -> COOP Surveyed | AR75: CME on hold | AS75: 10/12/2025: CME has not yet started, with DDD issue 10/5/25: Waiting for Tempo Permit release 10/3/2025: For JTSS sched | BD75: =IF(BC75>0,"Permanent Energized",IF(BB75>0,"Bill deposit Paid",IF(BA75>0,"Line Construction Completed",IF(AZ75>0,"Line Construction Started",IF(AX75>0,"PO Issued",IF(AV75>0,"PQ Raised",IF(AU75>0,"BoQ Approved",IF(AT75>0,"BoQ Submitted",IF(AF75>0,"Vendor Allocated",IF(X75>0,"BP Secured",IF(U75>0,"TSSR Approved","Not yet endorsed"))))))))))) -> Vendor Allocated | BG75: #N/A
B76: PH030819 | C76: NS-BIZ23-A15 | D76: BrgyQuezon_Gerona_Tarlac | E76: CJ | F76: TARELCO I | G76: BTS 8 | H76: T1 | I76: NLZ | J76: Region III (Central Luzon) | K76: Tarlac | L76: Gerona | M76: 0 | N76: 15.619992 | O76: 120.49613 | P76: t. BP secured | Q76: C - Pending Post-Con Permit Approval | R76: =IF(INDEX(#REF!,MATCH('data '!$B76,#REF!,0),MATCH('data '!R$3,#REF!,0))=0,"",INDEX(#REF!,MATCH('data '!$B76,#REF!,0),MATCH('data '!R$3,#REF!,0))) -> #REF! | S76: =IF(INDEX(#REF!,MATCH('data '!$B76,#REF!,0),MATCH('data '!S$3,#REF!,0))=0,"",INDEX(#REF!,MATCH('data '!$B76,#REF!,0),MATCH('data '!S$3,#REF!,0))) -> #REF! | T76: =IF(INDEX(#REF!,MATCH('data '!$B76,#REF!,0),MATCH('data '!T$3,#REF!,0))=0,"",INDEX(#REF!,MATCH('data '!$B76,#REF!,0),MATCH('data '!T$3,#REF!,0))) -> #REF! | U76: Yes | V76: y. OP secured | W76: RTB | X76: Yes | Y76: 45838 | AB76: 45929 | AC76: =VLOOKUP(B76,#REF!,19,0) -> #REF! | AE76: MCEES CONSTRUCTION AND GENERAL MERCHANDISE | AF76: 45845 | AH76: direct to Permanent | AP76: =IF(AM76>0,"Tempo Energized",IF(AL76>0,"Tempo Permit Released",IF(AK76>0,"COOP Surveyed",IF(AI76>0,"PO Issued",IF(AG76>0,"PQ Raised",IF(AF76>0,"Vendor Allocated",IF(X76>0,"BP Secured","Not yet endorsed"))))))) -> Vendor Allocated | AQ76: {=IF(AM76>0,(TODAY()-AM76),IF(AL76>0,(TODAY()-AL76),IF(AK76>0,(TODAY()-AK76,IF(AI76>0,(TODAY()-AI76),IF(AG76>0,(TODAY()-AG76),IF(AF76>0,(TODAY()-AF76),IF(X76>0,(TODAY()-X76)," "))))))))} -> FALSE | AT76: 45975 | AU76: 46006 | AV76: 46006 | AW76: FTAPPQ0014218 | AX76: 46009 | AY76: FTAPPO0013321 | BD76: =IF(BC76>0,"Permanent Energized",IF(BB76>0,"Bill deposit Paid",IF(BA76>0,"Line Construction Completed",IF(AZ76>0,"Line Construction Started",IF(AX76>0,"PO Issued",IF(AV76>0,"PQ Raised",IF(AU76>0,"BoQ Approved",IF(AT76>0,"BoQ Submitted",IF(AF76>0,"Vendor Allocated",IF(X76>0,"BP Secured",IF(U76>0,"TSSR Approved","Not yet endorsed"))))))))))) -> PO Issued | BE76: 95 | BF76: 10/20/2026: Awaiting coop BOM. | BG76: #N/A
B77: PH120358 | C77: NS-BIZ23-A18 | D77: Brgy.Badiangon_Palimbang_SultanKudarat | E77: Marlone | F77: 0 | G77: BTS 8 | H77: T7 | I77: MIN | J77: Region XII (SOCCSKSARGEN) | K77: Sultan Kudarat | L77: 0 | M77: 0 | N77: 6.22343 | O77: 124.1997 | P77: t. BP secured | Q77: G - Pending Foundation Completion | R77: =IF(INDEX(#REF!,MATCH('data '!$B77,#REF!,0),MATCH('data '!R$3,#REF!,0))=0,"",INDEX(#REF!,MATCH('data '!$B77,#REF!,0),MATCH('data '!R$3,#REF!,0))) -> #REF! | S77: =IF(INDEX(#REF!,MATCH('data '!$B77,#REF!,0),MATCH('data '!S$3,#REF!,0))=0,"",INDEX(#REF!,MATCH('data '!$B77,#REF!,0),MATCH('data '!S$3,#REF!,0))) -> #REF! | T77: =IF(INDEX(#REF!,MATCH('data '!$B77,#REF!,0),MATCH('data '!T$3,#REF!,0))=0,"",INDEX(#REF!,MATCH('data '!$B77,#REF!,0),MATCH('data '!T$3,#REF!,0))) -> #REF! | V77: u. RTB | W77: RTB | X77: Yes | Y77: 45878 | Z77: 45697 | AC77: =VLOOKUP(B77,#REF!,19,0) -> #REF! | AP77: =IF(AM77>0,"Tempo Energized",IF(AL77>0,"Tempo Permit Released",IF(AK77>0,"COOP Surveyed",IF(AI77>0,"PO Issued",IF(AG77>0,"PQ Raised",IF(AF77>0,"Vendor Allocated",IF(X77>0,"BP Secured","Not yet endorsed"))))))) -> BP Secured | AQ77: {=IF(AM77>0,(TODAY()-AM77),IF(AL77>0,(TODAY()-AL77),IF(AK77>0,(TODAY()-AK77,IF(AI77>0,(TODAY()-AI77),IF(AG77>0,(TODAY()-AG77),IF(AF77>0,(TODAY()-AF77),IF(X77>0,(TODAY()-X77)," "))))))))} -> FALSE | BD77: =IF(BC77>0,"Permanent Energized",IF(BB77>0,"Bill deposit Paid",IF(BA77>0,"Line Construction Completed",IF(AZ77>0,"Line Construction Started",IF(AX77>0,"PO Issued",IF(AV77>0,"PQ Raised",IF(AU77>0,"BoQ Approved",IF(AT77>0,"BoQ Submitted",IF(AF77>0,"Vendor Allocated",IF(X77>0,"BP Secured",IF(U77>0,"TSSR Approved","Not yet endorsed"))))))))))) -> BP Secured | BE77: #VALUE! | BG77: #N/A
B78: PH070514 | C78: NS-BIZ23-A25 | D78: BIZMobile2023_BrgySulangan_Bantayan_Cebu_MACRO_COV2023 | E78: Ralph | F78: 0 | G78: BTS 8 | H78: T6 | I78: VIS | J78: Region VII (Central Visayas) | K78: Cebu | L78: 0 | M78: 0 | N78: 0 | O78: 0 | P78: n. Ongoing brgy permitting | Q78: 0 | R78: =IF(INDEX(#REF!,MATCH('data '!$B78,#REF!,0),MATCH('data '!R$3,#REF!,0))=0,"",INDEX(#REF!,MATCH('data '!$B78,#REF!,0),MATCH('data '!R$3,#REF!,0))) -> #REF! | S78: =IF(INDEX(#REF!,MATCH('data '!$B78,#REF!,0),MATCH('data '!S$3,#REF!,0))=0,"",INDEX(#REF!,MATCH('data '!$B78,#REF!,0),MATCH('data '!S$3,#REF!,0))) -> #REF! | T78: =IF(INDEX(#REF!,MATCH('data '!$B78,#REF!,0),MATCH('data '!T$3,#REF!,0))=0,"",INDEX(#REF!,MATCH('data '!$B78,#REF!,0),MATCH('data '!T$3,#REF!,0))) -> #REF! | V78: n. Ongoing brgy permitting | W78: Ongoing Brgy. Permitting | AC78: =VLOOKUP(B78,#REF!,19,0) -> #REF! | AP78: =IF(AM78>0,"Tempo Energized",IF(AL78>0,"Tempo Permit Released",IF(AK78>0,"COOP Surveyed",IF(AI78>0,"PO Issued",IF(AG78>0,"PQ Raised",IF(AF78>0,"Vendor Allocated",IF(X78>0,"BP Secured","Not yet endorsed"))))))) -> Not yet endorsed | AQ78: {=IF(AM78>0,(TODAY()-AM78),IF(AL78>0,(TODAY()-AL78),IF(AK78>0,(TODAY()-AK78,IF(AI78>0,(TODAY()-AI78),IF(AG78>0,(TODAY()-AG78),IF(AF78>0,(TODAY()-AF78),IF(X78>0,(TODAY()-X78)," "))))))))} -> FALSE | BD78: =IF(BC78>0,"Permanent Energized",IF(BB78>0,"Bill deposit Paid",IF(BA78>0,"Line Construction Completed",IF(AZ78>0,"Line Construction Started",IF(AX78>0,"PO Issued",IF(AV78>0,"PQ Raised",IF(AU78>0,"BoQ Approved",IF(AT78>0,"BoQ Submitted",IF(AF78>0,"Vendor Allocated",IF(X78>0,"BP Secured",IF(U78>0,"TSSR Approved","Not yet endorsed"))))))))))) -> Not yet endorsed | BG78: #N/A
B79: PH010352 | C79: NS-BIZ23-A40 | D79: LGU_BrgyManueva_Santa_Ilocos Sur | E79: Arjay | F79: ISECO | G79: BTS 8 | H79: T1 | I79: NLZ | J79: Region I (Ilocos Region) | K79: Ilocos Sur | L79: Santa | M79: 0 | N79: 0 | O79: 0 | P79: p. LGU Applied | Q79: L - Under pre-construction | R79: =IF(INDEX(#REF!,MATCH('data '!$B79,#REF!,0),MATCH('data '!R$3,#REF!,0))=0,"",INDEX(#REF!,MATCH('data '!$B79,#REF!,0),MATCH('data '!R$3,#REF!,0))) -> #REF! | S79: =IF(INDEX(#REF!,MATCH('data '!$B79,#REF!,0),MATCH('data '!S$3,#REF!,0))=0,"",INDEX(#REF!,MATCH('data '!$B79,#REF!,0),MATCH('data '!S$3,#REF!,0))) -> #REF! | T79: =IF(INDEX(#REF!,MATCH('data '!$B79,#REF!,0),MATCH('data '!T$3,#REF!,0))=0,"",INDEX(#REF!,MATCH('data '!$B79,#REF!,0),MATCH('data '!T$3,#REF!,0))) -> #REF! | U79: Yes | V79: r.2. BP applied-Advance Build | W79: ADV. RTB | X79: Yes | AC79: =VLOOKUP(B79,#REF!,19,0) -> #REF! | AE79: BK Engineering Services | AF79: 45938 | AG79: 45946 | AH79: FTAPPQ0013159 | AI79: 45950 | AJ79: FTAPPO0012292 | AO79: No BP in ST | AP79: =IF(AM79>0,"Tempo Energized",IF(AL79>0,"Tempo Permit Released",IF(AK79>0,"COOP Surveyed",IF(AI79>0,"PO Issued",IF(AG79>0,"PQ Raised",IF(AF79>0,"Vendor Allocated",IF(X79>0,"BP Secured","Not yet endorsed"))))))) -> PO Issued | AQ79: {=IF(AM79>0,(TODAY()-AM79),IF(AL79>0,(TODAY()-AL79),IF(AK79>0,(TODAY()-AK79,IF(AI79>0,(TODAY()-AI79),IF(AG79>0,(TODAY()-AG79),IF(AF79>0,(TODAY()-AF79),IF(X79>0,(TODAY()-X79)," "))))))))} -> FALSE | BD79: =IF(BC79>0,"Permanent Energized",IF(BB79>0,"Bill deposit Paid",IF(BA79>0,"Line Construction Completed",IF(AZ79>0,"Line Construction Started",IF(AX79>0,"PO Issued",IF(AV79>0,"PQ Raised",IF(AU79>0,"BoQ Approved",IF(AT79>0,"BoQ Submitted",IF(AF79>0,"Vendor Allocated",IF(X79>0,"BP Secured",IF(U79>0,"TSSR Approved","Not yet endorsed"))))))))))) -> Vendor Allocated | BE79: 2 | BG79: BK ENGINEERING | BH79: #REF!
B80: PH150170 | C80: NS-BIZ23-A42 | D80: BrgyButigue_Paracelis_ Mountain Province_LGU | E80: Arjay | F80: MOPRECO | G80: BTS 8 | H80: T2 | I80: NLZ | J80: Cordillera Administrative Region (CAR) | K80: Mountain Province | L80: Paracelis | M80: 0 | N80: 0 | O80: 0 | P80: f. TSSR submitted to DNE & PMO | Q80: L - Under pre-construction | R80: =IF(INDEX(#REF!,MATCH('data '!$B80,#REF!,0),MATCH('data '!R$3,#REF!,0))=0,"",INDEX(#REF!,MATCH('data '!$B80,#REF!,0),MATCH('data '!R$3,#REF!,0))) -> #REF! | S80: =IF(INDEX(#REF!,MATCH('data '!$B80,#REF!,0),MATCH('data '!S$3,#REF!,0))=0,"",INDEX(#REF!,MATCH('data '!$B80,#REF!,0),MATCH('data '!S$3,#REF!,0))) -> #REF! | T80: =IF(INDEX(#REF!,MATCH('data '!$B80,#REF!,0),MATCH('data '!T$3,#REF!,0))=0,"",INDEX(#REF!,MATCH('data '!$B80,#REF!,0),MATCH('data '!T$3,#REF!,0))) -> #REF! | V80: h. Pending GT TSSR Approval | W80: 0 | AC80: =VLOOKUP(B80,#REF!,19,0) -> #REF! | AP80: =IF(AM80>0,"Tempo Energized",IF(AL80>0,"Tempo Permit Released",IF(AK80>0,"COOP Surveyed",IF(AI80>0,"PO Issued",IF(AG80>0,"PQ Raised",IF(AF80>0,"Vendor Allocated",IF(X80>0,"BP Secured","Not yet endorsed"))))))) -> Not yet endorsed | AQ80: {=IF(AM80>0,(TODAY()-AM80),IF(AL80>0,(TODAY()-AL80),IF(AK80>0,(TODAY()-AK80,IF(AI80>0,(TODAY()-AI80),IF(AG80>0,(TODAY()-AG80),IF(AF80>0,(TODAY()-AF80),IF(X80>0,(TODAY()-X80)," "))))))))} -> FALSE | BD80: =IF(BC80>0,"Permanent Energized",IF(BB80>0,"Bill deposit Paid",IF(BA80>0,"Line Construction Completed",IF(AZ80>0,"Line Construction Started",IF(AX80>0,"PO Issued",IF(AV80>0,"PQ Raised",IF(AU80>0,"BoQ Approved",IF(AT80>0,"BoQ Submitted",IF(AF80>0,"Vendor Allocated",IF(X80>0,"BP Secured",IF(U80>0,"TSSR Approved","Not yet endorsed"))))))))))) -> Not yet endorsed | BG80: #N/A | BH80: #REF!
B81: PH120368 | C81: NS-NTG18-A76 | D81: Brgy.PoblacionI_Pigkawayan_NorthCotabato | E81: Marlone | F81: 0 | G81: BTS 8 | H81: T7 | I81: MIN | J81: Region XII (SOCCSKSARGEN) | K81: Cotabato | L81: 0 | M81: 0 | N81: 7.27309 | O81: 124.41956 | P81: t. BP secured | Q81: G - Pending Foundation Completion | R81: =IF(INDEX(#REF!,MATCH('data '!$B81,#REF!,0),MATCH('data '!R$3,#REF!,0))=0,"",INDEX(#REF!,MATCH('data '!$B81,#REF!,0),MATCH('data '!R$3,#REF!,0))) -> #REF! | S81: =IF(INDEX(#REF!,MATCH('data '!$B81,#REF!,0),MATCH('data '!S$3,#REF!,0))=0,"",INDEX(#REF!,MATCH('data '!$B81,#REF!,0),MATCH('data '!S$3,#REF!,0))) -> #REF! | T81: =IF(INDEX(#REF!,MATCH('data '!$B81,#REF!,0),MATCH('data '!T$3,#REF!,0))=0,"",INDEX(#REF!,MATCH('data '!$B81,#REF!,0),MATCH('data '!T$3,#REF!,0))) -> #REF! | V81: t. BP secured | W81: RTB | X81: Yes | Y81: 45896 | Z81: 45970 | AC81: =VLOOKUP(B81,#REF!,19,0) -> #REF! | AP81: =IF(AM81>0,"Tempo Energized",IF(AL81>0,"Tempo Permit Released",IF(AK81>0,"COOP Surveyed",IF(AI81>0,"PO Issued",IF(AG81>0,"PQ Raised",IF(AF81>0,"Vendor Allocated",IF(X81>0,"BP Secured","Not yet endorsed"))))))) -> BP Secured | AQ81: {=IF(AM81>0,(TODAY()-AM81),IF(AL81>0,(TODAY()-AL81),IF(AK81>0,(TODAY()-AK81,IF(AI81>0,(TODAY()-AI81),IF(AG81>0,(TODAY()-AG81),IF(AF81>0,(TODAY()-AF81),IF(X81>0,(TODAY()-X81)," "))))))))} -> FALSE | BD81: =IF(BC81>0,"Permanent Energized",IF(BB81>0,"Bill deposit Paid",IF(BA81>0,"Line Construction Completed",IF(AZ81>0,"Line Construction Started",IF(AX81>0,"PO Issued",IF(AV81>0,"PQ Raised",IF(AU81>0,"BoQ Approved",IF(AT81>0,"BoQ Submitted",IF(AF81>0,"Vendor Allocated",IF(X81>0,"BP Secured",IF(U81>0,"TSSR Approved","Not yet endorsed"))))))))))) -> BP Secured | BE81: #VALUE! | BG81: #N/A
B82: PH401053 | C82: NS-NTG18-F92 | D82: BrgySanVicente_SanPedro_Laguna | E82: Marilyn | F82: MERALCO | G82: BTS 7 | H82: T5 | I82: NLZ | J82: #N/A | K82: #N/A | L82: #N/A | M82: #N/A | N82: #N/A | O82: #N/A | P82: #N/A | Q82: #N/A | R82: =IF(INDEX(#REF!,MATCH('data '!$B82,#REF!,0),MATCH('data '!R$3,#REF!,0))=0,"",INDEX(#REF!,MATCH('data '!$B82,#REF!,0),MATCH('data '!R$3,#REF!,0))) -> #REF! | S82: =IF(INDEX(#REF!,MATCH('data '!$B82,#REF!,0),MATCH('data '!S$3,#REF!,0))=0,"",INDEX(#REF!,MATCH('data '!$B82,#REF!,0),MATCH('data '!S$3,#REF!,0))) -> #REF! | T82: =IF(INDEX(#REF!,MATCH('data '!$B82,#REF!,0),MATCH('data '!T$3,#REF!,0))=0,"",INDEX(#REF!,MATCH('data '!$B82,#REF!,0),MATCH('data '!T$3,#REF!,0))) -> #REF! | V82: 0 | W82: RTB | X82: Yes | AC82: =VLOOKUP(B82,#REF!,19,0) -> #REF! | AE82: Golden Design Konstrukt and Trading | AF82: 45938 | AG82: 45946 | AH82: FTAPPQ0013161 | AI82: 45950 | AJ82: FTAPPO0012289 | AP82: =IF(AM82>0,"Tempo Energized",IF(AL82>0,"Tempo Permit Released",IF(AK82>0,"COOP Surveyed",IF(AI82>0,"PO Issued",IF(AG82>0,"PQ Raised",IF(AF82>0,"Vendor Allocated",IF(X82>0,"BP Secured","Not yet endorsed"))))))) -> PO Issued | AQ82: {=IF(AM82>0,(TODAY()-AM82),IF(AL82>0,(TODAY()-AL82),IF(AK82>0,(TODAY()-AK82,IF(AI82>0,(TODAY()-AI82),IF(AG82>0,(TODAY()-AG82),IF(AF82>0,(TODAY()-AF82),IF(X82>0,(TODAY()-X82)," "))))))))} -> FALSE | BD82: =IF(BC82>0,"Permanent Energized",IF(BB82>0,"Bill deposit Paid",IF(BA82>0,"Line Construction Completed",IF(AZ82>0,"Line Construction Started",IF(AX82>0,"PO Issued",IF(AV82>0,"PQ Raised",IF(AU82>0,"BoQ Approved",IF(AT82>0,"BoQ Submitted",IF(AF82>0,"Vendor Allocated",IF(X82>0,"BP Secured",IF(U82>0,"TSSR Approved","Not yet endorsed"))))))))))) -> Vendor Allocated | BE82: 2 | BF82: For JTSS
B83: PH070482 | C83: NS-NTG18-G18 | D83: Brgy_Lorega_San_Miguel_Cebu | E83: Ralph | F83: VECO | G83: BTS 8 | H83: T6 | I83: VIS | J83: Region VII (Central Visayas) | K83: Cebu | L83: City of Cebu (Capital) | M83: 0 | N83: 10.306953 | O83: 123.90294 | P83: r. BP applied | Q83: L - Under pre-construction | R83: =IF(INDEX(#REF!,MATCH('data '!$B83,#REF!,0),MATCH('data '!R$3,#REF!,0))=0,"",INDEX(#REF!,MATCH('data '!$B83,#REF!,0),MATCH('data '!R$3,#REF!,0))) -> #REF! | S83: =IF(INDEX(#REF!,MATCH('data '!$B83,#REF!,0),MATCH('data '!S$3,#REF!,0))=0,"",INDEX(#REF!,MATCH('data '!$B83,#REF!,0),MATCH('data '!S$3,#REF!,0))) -> #REF! | T83: =IF(INDEX(#REF!,MATCH('data '!$B83,#REF!,0),MATCH('data '!T$3,#REF!,0))=0,"",INDEX(#REF!,MATCH('data '!$B83,#REF!,0),MATCH('data '!T$3,#REF!,0))) -> #REF! | U83: Yes | V83: r. BP applied | W83: For BP release | AC83: =VLOOKUP(B83,#REF!,19,0) -> #REF! | AE83: Jodan Electrical Services | AF83: 45957 | AG83: 45957 | AH83: FTAPPQ0013324 | AI83: 45964 | AJ83: FTAPPO0012432 | AP83: =IF(AM83>0,"Tempo Energized",IF(AL83>0,"Tempo Permit Released",IF(AK83>0,"COOP Surveyed",IF(AI83>0,"PO Issued",IF(AG83>0,"PQ Raised",IF(AF83>0,"Vendor Allocated",IF(X83>0,"BP Secured","Not yet endorsed"))))))) -> PO Issued | AQ83: {=IF(AM83>0,(TODAY()-AM83),IF(AL83>0,(TODAY()-AL83),IF(AK83>0,(TODAY()-AK83,IF(AI83>0,(TODAY()-AI83),IF(AG83>0,(TODAY()-AG83),IF(AF83>0,(TODAY()-AF83),IF(X83>0,(TODAY()-X83)," "))))))))} -> FALSE | BD83: =IF(BC83>0,"Permanent Energized",IF(BB83>0,"Bill deposit Paid",IF(BA83>0,"Line Construction Completed",IF(AZ83>0,"Line Construction Started",IF(AX83>0,"PO Issued",IF(AV83>0,"PQ Raised",IF(AU83>0,"BoQ Approved",IF(AT83>0,"BoQ Submitted",IF(AF83>0,"Vendor Allocated",IF(X83>0,"BP Secured",IF(U83>0,"TSSR Approved","Not yet endorsed"))))))))))) -> Vendor Allocated | BE83: #VALUE! | BG83: #N/A
B84: PH110554 | C84: NS-NTG18-G79 | D84: Brgy.Cabantian01_DavaoCity_DavaoDelSur | E84: Marlone | F84: DASURECO | G84: BTS 8 | H84: T7 | I84: MIN | J84: Region XI (Davao Region) | K84: Davao del Sur | L84: 0 | M84: 0 | N84: 7.122335 | O84: 125.61842 | P84: p. LGU Applied | Q84: L - Under pre-construction | R84: =IF(INDEX(#REF!,MATCH('data '!$B84,#REF!,0),MATCH('data '!R$3,#REF!,0))=0,"",INDEX(#REF!,MATCH('data '!$B84,#REF!,0),MATCH('data '!R$3,#REF!,0))) -> #REF! | S84: =IF(INDEX(#REF!,MATCH('data '!$B84,#REF!,0),MATCH('data '!S$3,#REF!,0))=0,"",INDEX(#REF!,MATCH('data '!$B84,#REF!,0),MATCH('data '!S$3,#REF!,0))) -> #REF! | T84: =IF(INDEX(#REF!,MATCH('data '!$B84,#REF!,0),MATCH('data '!T$3,#REF!,0))=0,"",INDEX(#REF!,MATCH('data '!$B84,#REF!,0),MATCH('data '!T$3,#REF!,0))) -> #REF! | U84: Yes | V84: z.1 Returned site | W84: 0 | AC84: =VLOOKUP(B84,#REF!,19,0) -> #REF! | AP84: =IF(AM84>0,"Tempo Energized",IF(AL84>0,"Tempo Permit Released",IF(AK84>0,"COOP Surveyed",IF(AI84>0,"PO Issued",IF(AG84>0,"PQ Raised",IF(AF84>0,"Vendor Allocated",IF(X84>0,"BP Secured","Not yet endorsed"))))))) -> Not yet endorsed | AQ84: {=IF(AM84>0,(TODAY()-AM84),IF(AL84>0,(TODAY()-AL84),IF(AK84>0,(TODAY()-AK84,IF(AI84>0,(TODAY()-AI84),IF(AG84>0,(TODAY()-AG84),IF(AF84>0,(TODAY()-AF84),IF(X84>0,(TODAY()-X84)," "))))))))} -> FALSE | BD84: =IF(BC84>0,"Permanent Energized",IF(BB84>0,"Bill deposit Paid",IF(BA84>0,"Line Construction Completed",IF(AZ84>0,"Line Construction Started",IF(AX84>0,"PO Issued",IF(AV84>0,"PQ Raised",IF(AU84>0,"BoQ Approved",IF(AT84>0,"BoQ Submitted",IF(AF84>0,"Vendor Allocated",IF(X84>0,"BP Secured",IF(U84>0,"TSSR Approved","Not yet endorsed"))))))))))) -> TSSR Approved | BE84: #VALUE! | BG84: #N/A
B85: PH100317 | C85: NS-NTG18-G90 | D85: Brgy.Patag_CagayanDeOroCity(Capital)_MisamisOriental | E85: Marlone | F85: MORESCO I | G85: BTS 8 | H85: T8 | I85: MIN | J85: Region X (Northern Mindanao) | K85: Misamis Oriental | L85: City of Cagayan De Oro (Capital) | M85: 0 | N85: 0 | O85: 0 | P85: o. with Brgy clearance | Q85: L - Under pre-construction | R85: =IF(INDEX(#REF!,MATCH('data '!$B85,#REF!,0),MATCH('data '!R$3,#REF!,0))=0,"",INDEX(#REF!,MATCH('data '!$B85,#REF!,0),MATCH('data '!R$3,#REF!,0))) -> #REF! | S85: =IF(INDEX(#REF!,MATCH('data '!$B85,#REF!,0),MATCH('data '!S$3,#REF!,0))=0,"",INDEX(#REF!,MATCH('data '!$B85,#REF!,0),MATCH('data '!S$3,#REF!,0))) -> #REF! | T85: =IF(INDEX(#REF!,MATCH('data '!$B85,#REF!,0),MATCH('data '!T$3,#REF!,0))=0,"",INDEX(#REF!,MATCH('data '!$B85,#REF!,0),MATCH('data '!T$3,#REF!,0))) -> #REF! | V85: r. BP applied | W85: For BP release | AC85: =VLOOKUP(B85,#REF!,19,0) -> #REF! | AP85: =IF(AM85>0,"Tempo Energized",IF(AL85>0,"Tempo Permit Released",IF(AK85>0,"COOP Surveyed",IF(AI85>0,"PO Issued",IF(AG85>0,"PQ Raised",IF(AF85>0,"Vendor Allocated",IF(X85>0,"BP Secured","Not yet endorsed"))))))) -> Not yet endorsed | AQ85: {=IF(AM85>0,(TODAY()-AM85),IF(AL85>0,(TODAY()-AL85),IF(AK85>0,(TODAY()-AK85,IF(AI85>0,(TODAY()-AI85),IF(AG85>0,(TODAY()-AG85),IF(AF85>0,(TODAY()-AF85),IF(X85>0,(TODAY()-X85)," "))))))))} -> FALSE | BD85: =IF(BC85>0,"Permanent Energized",IF(BB85>0,"Bill deposit Paid",IF(BA85>0,"Line Construction Completed",IF(AZ85>0,"Line Construction Started",IF(AX85>0,"PO Issued",IF(AV85>0,"PQ Raised",IF(AU85>0,"BoQ Approved",IF(AT85>0,"BoQ Submitted",IF(AF85>0,"Vendor Allocated",IF(X85>0,"BP Secured",IF(U85>0,"TSSR Approved","Not yet endorsed"))))))))))) -> Not yet endorsed | BG85: #N/A
B86: PH130134 | C86: NS-NTG18-H14 | D86: Brgy.Bonbon_ButuanCity(Capital)_AgusanDelNorte | E86: Marlone | F86: ANECO | G86: BTS 8 | H86: T8 | I86: MIN | J86: Region XIII (Caraga) | K86: Agusan del Norte | L86: City of Butuan (Capital) | M86: 0 | N86: 8.9304095 | O86: 125.50821 | P86: t. BP secured | Q86: L - Under pre-construction | R86: =IF(INDEX(#REF!,MATCH('data '!$B86,#REF!,0),MATCH('data '!R$3,#REF!,0))=0,"",INDEX(#REF!,MATCH('data '!$B86,#REF!,0),MATCH('data '!R$3,#REF!,0))) -> #REF! | S86: =IF(INDEX(#REF!,MATCH('data '!$B86,#REF!,0),MATCH('data '!S$3,#REF!,0))=0,"",INDEX(#REF!,MATCH('data '!$B86,#REF!,0),MATCH('data '!S$3,#REF!,0))) -> #REF! | T86: =IF(INDEX(#REF!,MATCH('data '!$B86,#REF!,0),MATCH('data '!T$3,#REF!,0))=0,"",INDEX(#REF!,MATCH('data '!$B86,#REF!,0),MATCH('data '!T$3,#REF!,0))) -> #REF! | U86: Yes | V86: r.2. BP applied-Advance Build | W86: ADV. RTB | X86: Yes | Y86: 45932 | AC86: =VLOOKUP(B86,#REF!,19,0) -> #REF! | AP86: =IF(AM86>0,"Tempo Energized",IF(AL86>0,"Tempo Permit Released",IF(AK86>0,"COOP Surveyed",IF(AI86>0,"PO Issued",IF(AG86>0,"PQ Raised",IF(AF86>0,"Vendor Allocated",IF(X86>0,"BP Secured","Not yet endorsed"))))))) -> BP Secured | AQ86: {=IF(AM86>0,(TODAY()-AM86),IF(AL86>0,(TODAY()-AL86),IF(AK86>0,(TODAY()-AK86,IF(AI86>0,(TODAY()-AI86),IF(AG86>0,(TODAY()-AG86),IF(AF86>0,(TODAY()-AF86),IF(X86>0,(TODAY()-X86)," "))))))))} -> FALSE | BD86: =IF(BC86>0,"Permanent Energized",IF(BB86>0,"Bill deposit Paid",IF(BA86>0,"Line Construction Completed",IF(AZ86>0,"Line Construction Started",IF(AX86>0,"PO Issued",IF(AV86>0,"PQ Raised",IF(AU86>0,"BoQ Approved",IF(AT86>0,"BoQ Submitted",IF(AF86>0,"Vendor Allocated",IF(X86>0,"BP Secured",IF(U86>0,"TSSR Approved","Not yet endorsed"))))))))))) -> BP Secured | BE86: #VALUE! | BG86: #N/A
B87: PH100279 | C87: NS-NTG18-P80 | D87: Brgy.Indahag04_CagayanDeOroCity(Capital)_MisamisOriental | E87: Marlone | F87: MORESCO I | G87: BTS 8 | H87: T8 | I87: MIN | J87: Region X (Northern Mindanao) | K87: Misamis Oriental | L87: City of Cagayan De Oro (Capital) | M87: 0 | N87: 0 | O87: 0 | P87: a.7. Problematic sites/Potential return sites | Q87: L - Under pre-construction | R87: =IF(INDEX(#REF!,MATCH('data '!$B87,#REF!,0),MATCH('data '!R$3,#REF!,0))=0,"",INDEX(#REF!,MATCH('data '!$B87,#REF!,0),MATCH('data '!R$3,#REF!,0))) -> #REF! | S87: =IF(INDEX(#REF!,MATCH('data '!$B87,#REF!,0),MATCH('data '!S$3,#REF!,0))=0,"",INDEX(#REF!,MATCH('data '!$B87,#REF!,0),MATCH('data '!S$3,#REF!,0))) -> #REF! | T87: =IF(INDEX(#REF!,MATCH('data '!$B87,#REF!,0),MATCH('data '!T$3,#REF!,0))=0,"",INDEX(#REF!,MATCH('data '!$B87,#REF!,0),MATCH('data '!T$3,#REF!,0))) -> #REF! | U87: Yes | V87: z.1 Returned site | W87: 0 | AC87: =VLOOKUP(B87,#REF!,19,0) -> #REF! | AP87: =IF(AM87>0,"Tempo Energized",IF(AL87>0,"Tempo Permit Released",IF(AK87>0,"COOP Surveyed",IF(AI87>0,"PO Issued",IF(AG87>0,"PQ Raised",IF(AF87>0,"Vendor Allocated",IF(X87>0,"BP Secured","Not yet endorsed"))))))) -> Not yet endorsed | AQ87: {=IF(AM87>0,(TODAY()-AM87),IF(AL87>0,(TODAY()-AL87),IF(AK87>0,(TODAY()-AK87,IF(AI87>0,(TODAY()-AI87),IF(AG87>0,(TODAY()-AG87),IF(AF87>0,(TODAY()-AF87),IF(X87>0,(TODAY()-X87)," "))))))))} -> FALSE | BD87: =IF(BC87>0,"Permanent Energized",IF(BB87>0,"Bill deposit Paid",IF(BA87>0,"Line Construction Completed",IF(AZ87>0,"Line Construction Started",IF(AX87>0,"PO Issued",IF(AV87>0,"PQ Raised",IF(AU87>0,"BoQ Approved",IF(AT87>0,"BoQ Submitted",IF(AF87>0,"Vendor Allocated",IF(X87>0,"BP Secured",IF(U87>0,"TSSR Approved","Not yet endorsed"))))))))))) -> TSSR Approved | BE87: #VALUE! | BG87: #N/A
B88: PH401048 | C88: NS-NTG18-P85 | D88: BrgyKumintangIbaba_BatangasCity_Batangas | E88: Marilyn | F88: MERALCO | G88: BTS 7 | H88: T5 | I88: NLZ | J88: #N/A | K88: #N/A | L88: #N/A | M88: #N/A | N88: #N/A | O88: #N/A | P88: #N/A | Q88: #N/A | R88: =IF(INDEX(#REF!,MATCH('data '!$B88,#REF!,0),MATCH('data '!R$3,#REF!,0))=0,"",INDEX(#REF!,MATCH('data '!$B88,#REF!,0),MATCH('data '!R$3,#REF!,0))) -> #REF! | S88: =IF(INDEX(#REF!,MATCH('data '!$B88,#REF!,0),MATCH('data '!S$3,#REF!,0))=0,"",INDEX(#REF!,MATCH('data '!$B88,#REF!,0),MATCH('data '!S$3,#REF!,0))) -> #REF! | T88: =IF(INDEX(#REF!,MATCH('data '!$B88,#REF!,0),MATCH('data '!T$3,#REF!,0))=0,"",INDEX(#REF!,MATCH('data '!$B88,#REF!,0),MATCH('data '!T$3,#REF!,0))) -> #REF! | V88: 0 | W88: RTB | X88: Yes | AC88: =VLOOKUP(B88,#REF!,19,0) -> #REF! | AE88: Golden Design Konstrukt and Trading | AH88: direct to Permanent | AP88: =IF(AM88>0,"Tempo Energized",IF(AL88>0,"Tempo Permit Released",IF(AK88>0,"COOP Surveyed",IF(AI88>0,"PO Issued",IF(AG88>0,"PQ Raised",IF(AF88>0,"Vendor Allocated",IF(X88>0,"BP Secured","Not yet endorsed"))))))) -> BP Secured | AQ88: {=IF(AM88>0,(TODAY()-AM88),IF(AL88>0,(TODAY()-AL88),IF(AK88>0,(TODAY()-AK88,IF(AI88>0,(TODAY()-AI88),IF(AG88>0,(TODAY()-AG88),IF(AF88>0,(TODAY()-AF88),IF(X88>0,(TODAY()-X88)," "))))))))} -> FALSE | AS88: For PP application waiting for MERALCO construction and energization | AT88: 45913 | AU88: 45913 | AV88: 45704 | AW88: FTAPPQ0009350 | AX88: 45704 | AY88: FTAPPO0008590 | AZ88: 45918 | BA88: 45924 | BD88: =IF(BC88>0,"Permanent Energized",IF(BB88>0,"Bill deposit Paid",IF(BA88>0,"Line Construction Completed",IF(AZ88>0,"Line Construction Started",IF(AX88>0,"PO Issued",IF(AV88>0,"PQ Raised",IF(AU88>0,"BoQ Approved",IF(AT88>0,"BoQ Submitted",IF(AF88>0,"Vendor Allocated",IF(X88>0,"BP Secured",IF(U88>0,"TSSR Approved","Not yet endorsed"))))))))))) -> Line Construction Completed | BF88: Waiting for implementation and installation of MERALCO | BG88: #N/A
B89: PH110563 | C89: NS-NTG18-P91 | D89: Brgy.Tigatto01_DavaoCity_DavaoDelSur | E89: Marlone | F89: DASURECO | G89: BTS 8 | H89: T7 | I89: MIN | J89: Region XI (Davao Region) | K89: Davao del Sur | L89: 0 | M89: 0 | N89: 7.12365 | O89: 125.58793 | P89: t. BP secured | Q89: C - Pending Post-Con Permit Approval | R89: =IF(INDEX(#REF!,MATCH('data '!$B89,#REF!,0),MATCH('data '!R$3,#REF!,0))=0,"",INDEX(#REF!,MATCH('data '!$B89,#REF!,0),MATCH('data '!R$3,#REF!,0))) -> #REF! | S89: =IF(INDEX(#REF!,MATCH('data '!$B89,#REF!,0),MATCH('data '!S$3,#REF!,0))=0,"",INDEX(#REF!,MATCH('data '!$B89,#REF!,0),MATCH('data '!S$3,#REF!,0))) -> #REF! | T89: =IF(INDEX(#REF!,MATCH('data '!$B89,#REF!,0),MATCH('data '!T$3,#REF!,0))=0,"",INDEX(#REF!,MATCH('data '!$B89,#REF!,0),MATCH('data '!T$3,#REF!,0))) -> #REF! | U89: Yes | V89: x. OP Applied | W89: RTB | X89: Yes | Y89: 45896 | Z89: 45970 | AA89: 45667 | AC89: =VLOOKUP(B89,#REF!,19,0) -> #REF! | AE89: Diomon Electrical Services | AP89: =IF(AM89>0,"Tempo Energized",IF(AL89>0,"Tempo Permit Released",IF(AK89>0,"COOP Surveyed",IF(AI89>0,"PO Issued",IF(AG89>0,"PQ Raised",IF(AF89>0,"Vendor Allocated",IF(X89>0,"BP Secured","Not yet endorsed"))))))) -> BP Secured | AQ89: {=IF(AM89>0,(TODAY()-AM89),IF(AL89>0,(TODAY()-AL89),IF(AK89>0,(TODAY()-AK89,IF(AI89>0,(TODAY()-AI89),IF(AG89>0,(TODAY()-AG89),IF(AF89>0,(TODAY()-AF89),IF(X89>0,(TODAY()-X89)," "))))))))} -> FALSE | AT89: 45923 | BD89: =IF(BC89>0,"Permanent Energized",IF(BB89>0,"Bill deposit Paid",IF(BA89>0,"Line Construction Completed",IF(AZ89>0,"Line Construction Started",IF(AX89>0,"PO Issued",IF(AV89>0,"PQ Raised",IF(AU89>0,"BoQ Approved",IF(AT89>0,"BoQ Submitted",IF(AF89>0,"Vendor Allocated",IF(X89>0,"BP Secured",IF(U89>0,"TSSR Approved","Not yet endorsed"))))))))))) -> BoQ Submitted | BE89: 17 | BG89: #N/A
B90: PH031091 | C90: NS-NTG18-R35 | D90: BRGYPARULAN_PULILAN_BULACAN | E90: CJ | F90: 0 | G90: BTS 8 | H90: T2 | I90: LUZ | J90: Region III (Central Luzon) | K90: Bulacan | L90: Plaridel | M90: 0 | N90: 0 | O90: 0 | P90: c. Ongoing candidate pre-approval | Q90: 0 | R90: =IF(INDEX(#REF!,MATCH('data '!$B90,#REF!,0),MATCH('data '!R$3,#REF!,0))=0,"",INDEX(#REF!,MATCH('data '!$B90,#REF!,0),MATCH('data '!R$3,#REF!,0))) -> #REF! | S90: =IF(INDEX(#REF!,MATCH('data '!$B90,#REF!,0),MATCH('data '!S$3,#REF!,0))=0,"",INDEX(#REF!,MATCH('data '!$B90,#REF!,0),MATCH('data '!S$3,#REF!,0))) -> #REF! | T90: =IF(INDEX(#REF!,MATCH('data '!$B90,#REF!,0),MATCH('data '!T$3,#REF!,0))=0,"",INDEX(#REF!,MATCH('data '!$B90,#REF!,0),MATCH('data '!T$3,#REF!,0))) -> #REF! | V90: h. Pending GT TSSR Approval | W90: 0 | AC90: =VLOOKUP(B90,#REF!,19,0) -> #REF! | AP90: =IF(AM90>0,"Tempo Energized",IF(AL90>0,"Tempo Permit Released",IF(AK90>0,"COOP Surveyed",IF(AI90>0,"PO Issued",IF(AG90>0,"PQ Raised",IF(AF90>0,"Vendor Allocated",IF(X90>0,"BP Secured","Not yet endorsed"))))))) -> Not yet endorsed | AQ90: {=IF(AM90>0,(TODAY()-AM90),IF(AL90>0,(TODAY()-AL90),IF(AK90>0,(TODAY()-AK90,IF(AI90>0,(TODAY()-AI90),IF(AG90>0,(TODAY()-AG90),IF(AF90>0,(TODAY()-AF90),IF(X90>0,(TODAY()-X90)," "))))))))} -> FALSE | BD90: =IF(BC90>0,"Permanent Energized",IF(BB90>0,"Bill deposit Paid",IF(BA90>0,"Line Construction Completed",IF(AZ90>0,"Line Construction Started",IF(AX90>0,"PO Issued",IF(AV90>0,"PQ Raised",IF(AU90>0,"BoQ Approved",IF(AT90>0,"BoQ Submitted",IF(AF90>0,"Vendor Allocated",IF(X90>0,"BP Secured",IF(U90>0,"TSSR Approved","Not yet endorsed"))))))))))) -> Not yet endorsed | BG90: #N/A
B91: PH060478 | C91: NS-NTG19-AA62 | D91: Brgy8_Kabankalan_NegOcc | E91: Ralph | F91: 0 | G91: BTS 8 | H91: T6 | I91: VIS | J91: Region VI (Western Visayas) | K91: Negros Occidental | L91: 0 | M91: 0 | N91: 0 | O91: 0 | P91: n. Ongoing brgy permitting | Q91: 0 | R91: =IF(INDEX(#REF!,MATCH('data '!$B91,#REF!,0),MATCH('data '!R$3,#REF!,0))=0,"",INDEX(#REF!,MATCH('data '!$B91,#REF!,0),MATCH('data '!R$3,#REF!,0))) -> #REF! | S91: =IF(INDEX(#REF!,MATCH('data '!$B91,#REF!,0),MATCH('data '!S$3,#REF!,0))=0,"",INDEX(#REF!,MATCH('data '!$B91,#REF!,0),MATCH('data '!S$3,#REF!,0))) -> #REF! | T91: =IF(INDEX(#REF!,MATCH('data '!$B91,#REF!,0),MATCH('data '!T$3,#REF!,0))=0,"",INDEX(#REF!,MATCH('data '!$B91,#REF!,0),MATCH('data '!T$3,#REF!,0))) -> #REF! | V91: u. RTB | W91: RTB | AC91: =VLOOKUP(B91,#REF!,19,0) -> #REF! | AE91: Tripower Elecrical Services | AF91: 45957 | AG91: 45957 | AH91: FTAPPQ0013328 | AI91: 45964 | AJ91: FTAPPO0012434 | AP91: =IF(AM91>0,"Tempo Energized",IF(AL91>0,"Tempo Permit Released",IF(AK91>0,"COOP Surveyed",IF(AI91>0,"PO Issued",IF(AG91>0,"PQ Raised",IF(AF91>0,"Vendor Allocated",IF(X91>0,"BP Secured","Not yet endorsed"))))))) -> PO Issued | AQ91: {=IF(AM91>0,(TODAY()-AM91),IF(AL91>0,(TODAY()-AL91),IF(AK91>0,(TODAY()-AK91,IF(AI91>0,(TODAY()-AI91),IF(AG91>0,(TODAY()-AG91),IF(AF91>0,(TODAY()-AF91),IF(X91>0,(TODAY()-X91)," "))))))))} -> FALSE | BD91: =IF(BC91>0,"Permanent Energized",IF(BB91>0,"Bill deposit Paid",IF(BA91>0,"Line Construction Completed",IF(AZ91>0,"Line Construction Started",IF(AX91>0,"PO Issued",IF(AV91>0,"PQ Raised",IF(AU91>0,"BoQ Approved",IF(AT91>0,"BoQ Submitted",IF(AF91>0,"Vendor Allocated",IF(X91>0,"BP Secured",IF(U91>0,"TSSR Approved","Not yet endorsed"))))))))))) -> Vendor Allocated | BG91: #N/A
B92: PH070437 | C92: NS-NTG19-AB05 | D92: BrgyLahug2_CebuCity_Cebu | E92: Ralph | F92: VECO | G92: BTS 8 | H92: T6 | I92: VIS | J92: Region VII (Central Visayas) | K92: Cebu | L92: City of Cebu (Capital) | M92: 0 | N92: 0 | O92: 0 | P92: p. LGU Applied | Q92: L - Under pre-construction | R92: =IF(INDEX(#REF!,MATCH('data '!$B92,#REF!,0),MATCH('data '!R$3,#REF!,0))=0,"",INDEX(#REF!,MATCH('data '!$B92,#REF!,0),MATCH('data '!R$3,#REF!,0))) -> #REF! | S92: =IF(INDEX(#REF!,MATCH('data '!$B92,#REF!,0),MATCH('data '!S$3,#REF!,0))=0,"",INDEX(#REF!,MATCH('data '!$B92,#REF!,0),MATCH('data '!S$3,#REF!,0))) -> #REF! | T92: =IF(INDEX(#REF!,MATCH('data '!$B92,#REF!,0),MATCH('data '!T$3,#REF!,0))=0,"",INDEX(#REF!,MATCH('data '!$B92,#REF!,0),MATCH('data '!T$3,#REF!,0))) -> #REF! | U92: Yes | V92: p. LGU Applied | W92: For BP Application | AC92: =VLOOKUP(B92,#REF!,19,0) -> #REF! | AP92: =IF(AM92>0,"Tempo Energized",IF(AL92>0,"Tempo Permit Released",IF(AK92>0,"COOP Surveyed",IF(AI92>0,"PO Issued",IF(AG92>0,"PQ Raised",IF(AF92>0,"Vendor Allocated",IF(X92>0,"BP Secured","Not yet endorsed"))))))) -> Not yet endorsed | AQ92: {=IF(AM92>0,(TODAY()-AM92),IF(AL92>0,(TODAY()-AL92),IF(AK92>0,(TODAY()-AK92,IF(AI92>0,(TODAY()-AI92),IF(AG92>0,(TODAY()-AG92),IF(AF92>0,(TODAY()-AF92),IF(X92>0,(TODAY()-X92)," "))))))))} -> FALSE | BD92: =IF(BC92>0,"Permanent Energized",IF(BB92>0,"Bill deposit Paid",IF(BA92>0,"Line Construction Completed",IF(AZ92>0,"Line Construction Started",IF(AX92>0,"PO Issued",IF(AV92>0,"PQ Raised",IF(AU92>0,"BoQ Approved",IF(AT92>0,"BoQ Submitted",IF(AF92>0,"Vendor Allocated",IF(X92>0,"BP Secured",IF(U92>0,"TSSR Approved","Not yet endorsed"))))))))))) -> TSSR Approved | BE92: #VALUE! | BG92: #N/A
B93: PH070371 | C93: NS-NTG19-AB15 | D93: BrgyBulacao_Talisay_Cebu | E93: Ralph | F93: VECO | G93: BTS 8 | H93: T6 | I93: VIS | J93: Region VII (Central Visayas) | K93: Cebu | L93: City of Cebu (Capital) | M93: 0 | N93: 0 | O93: 0 | P93: z.1 Returned site | Q93: L - Under pre-construction | R93: =IF(INDEX(#REF!,MATCH('data '!$B93,#REF!,0),MATCH('data '!R$3,#REF!,0))=0,"",INDEX(#REF!,MATCH('data '!$B93,#REF!,0),MATCH('data '!R$3,#REF!,0))) -> #REF! | S93: =IF(INDEX(#REF!,MATCH('data '!$B93,#REF!,0),MATCH('data '!S$3,#REF!,0))=0,"",INDEX(#REF!,MATCH('data '!$B93,#REF!,0),MATCH('data '!S$3,#REF!,0))) -> #REF! | T93: =IF(INDEX(#REF!,MATCH('data '!$B93,#REF!,0),MATCH('data '!T$3,#REF!,0))=0,"",INDEX(#REF!,MATCH('data '!$B93,#REF!,0),MATCH('data '!T$3,#REF!,0))) -> #REF! | U93: Yes | V93: z.1 Returned site | W93: 0 | AC93: =VLOOKUP(B93,#REF!,19,0) -> #REF! | AP93: =IF(AM93>0,"Tempo Energized",IF(AL93>0,"Tempo Permit Released",IF(AK93>0,"COOP Surveyed",IF(AI93>0,"PO Issued",IF(AG93>0,"PQ Raised",IF(AF93>0,"Vendor Allocated",IF(X93>0,"BP Secured","Not yet endorsed"))))))) -> Not yet endorsed | AQ93: {=IF(AM93>0,(TODAY()-AM93),IF(AL93>0,(TODAY()-AL93),IF(AK93>0,(TODAY()-AK93,IF(AI93>0,(TODAY()-AI93),IF(AG93>0,(TODAY()-AG93),IF(AF93>0,(TODAY()-AF93),IF(X93>0,(TODAY()-X93)," "))))))))} -> FALSE | BD93: =IF(BC93>0,"Permanent Energized",IF(BB93>0,"Bill deposit Paid",IF(BA93>0,"Line Construction Completed",IF(AZ93>0,"Line Construction Started",IF(AX93>0,"PO Issued",IF(AV93>0,"PQ Raised",IF(AU93>0,"BoQ Approved",IF(AT93>0,"BoQ Submitted",IF(AF93>0,"Vendor Allocated",IF(X93>0,"BP Secured",IF(U93>0,"TSSR Approved","Not yet endorsed"))))))))))) -> TSSR Approved | BE93: #VALUE! | BG93: #N/A
B94: PH010344 | C94: NS-NTG19-AC09 | D94: OrenceRd_BrgyOrence_Narvacan_IlocosSur | E94: Arjay | F94: ISECO | G94: BTS 8 | H94: T1 | I94: NLZ | J94: Region I (Ilocos Region) | K94: Ilocos Sur | L94: Narvacan | M94: 0 | N94: 17.4211 | O94: 120.4886 | P94: t. BP secured | Q94: D - Pending Site Development Completion | R94: =IF(INDEX(#REF!,MATCH('data '!$B94,#REF!,0),MATCH('data '!R$3,#REF!,0))=0,"",INDEX(#REF!,MATCH('data '!$B94,#REF!,0),MATCH('data '!R$3,#REF!,0))) -> #REF! | S94: =IF(INDEX(#REF!,MATCH('data '!$B94,#REF!,0),MATCH('data '!S$3,#REF!,0))=0,"",INDEX(#REF!,MATCH('data '!$B94,#REF!,0),MATCH('data '!S$3,#REF!,0))) -> #REF! | T94: =IF(INDEX(#REF!,MATCH('data '!$B94,#REF!,0),MATCH('data '!T$3,#REF!,0))=0,"",INDEX(#REF!,MATCH('data '!$B94,#REF!,0),MATCH('data '!T$3,#REF!,0))) -> #REF! | U94: Yes | V94: x. OP Applied | W94: RTB | X94: Yes | Y94: 45878 | AC94: =VLOOKUP(B94,#REF!,19,0) -> #REF! | AE94: BK Engineering Services | AF94: 45908 | AG94: 45908 | AH94: FTAPPQ0012304 | AI94: 45909 | AJ94: FTAPPO0011516 | AK94: 45916 | AL94: 45944 | AM94: 45947 | AP94: =IF(AM94>0,"Tempo Energized",IF(AL94>0,"Tempo Permit Released",IF(AK94>0,"COOP Surveyed",IF(AI94>0,"PO Issued",IF(AG94>0,"PQ Raised",IF(AF94>0,"Vendor Allocated",IF(X94>0,"BP Secured","Not yet endorsed"))))))) -> Tempo Energized | AS94: 10/6/25: Installed SEP; Waiting LGU Inspection 10/5/25: for installation SEP; Waiting LGU inspection | AT94: 45940 | AU94: 45980 | AV94: 45980 | AW94: FTAPPQ0013740 | AX94: 45982 | AY94: FTAPPO0012891 | BD94: =IF(BC94>0,"Permanent Energized",IF(BB94>0,"Bill deposit Paid",IF(BA94>0,"Line Construction Completed",IF(AZ94>0,"Line Construction Started",IF(AX94>0,"PO Issued",IF(AV94>0,"PQ Raised",IF(AU94>0,"BoQ Approved",IF(AT94>0,"BoQ Submitted",IF(AF94>0,"Vendor Allocated",IF(X94>0,"BP Secured",IF(U94>0,"TSSR Approved","Not yet endorsed"))))))))))) -> PO Issued | BE94: 32 | BG94: #N/A | BH94: #REF!
B95: PH030851 | C95: NS-NTG19-AC72 | D95: Purok1_BrgySanIsidro_CabanatuanCity_NuevaEcija | E95: CJ | F95: CELCOR | G95: BTS 8 | H95: T1 | I95: NLZ | J95: Region III (Central Luzon) | K95: Nueva Ecija | L95: City of Cabanatuan | M95: Purok 4 | N95: 15.490867 | O95: 121.00006 | P95: t. BP secured | Q95: C - Pending Post-Con Permit Approval | R95: =IF(INDEX(#REF!,MATCH('data '!$B95,#REF!,0),MATCH('data '!R$3,#REF!,0))=0,"",INDEX(#REF!,MATCH('data '!$B95,#REF!,0),MATCH('data '!R$3,#REF!,0))) -> #REF! | S95: =IF(INDEX(#REF!,MATCH('data '!$B95,#REF!,0),MATCH('data '!S$3,#REF!,0))=0,"",INDEX(#REF!,MATCH('data '!$B95,#REF!,0),MATCH('data '!S$3,#REF!,0))) -> #REF! | T95: =IF(INDEX(#REF!,MATCH('data '!$B95,#REF!,0),MATCH('data '!T$3,#REF!,0))=0,"",INDEX(#REF!,MATCH('data '!$B95,#REF!,0),MATCH('data '!T$3,#REF!,0))) -> #REF! | V95: v. Site Dev Complete Awaiting ABP | W95: RTB | X95: Yes | Y95: 45839 | AA95: 30/09/2025 | AC95: =VLOOKUP(B95,#REF!,19,0) -> #REF! | AE95: Golden Design Konstrukt and Trading | AF95: 45908 | AG95: 45908 | AH95: FTAPPQ0012307 | AI95: 45909 | AJ95: FTAPPO0011518 | AK95: 45923 | AL95: 45923 | AM95: 45965 | AP95: =IF(AM95>0,"Tempo Energized",IF(AL95>0,"Tempo Permit Released",IF(AK95>0,"COOP Surveyed",IF(AI95>0,"PO Issued",IF(AG95>0,"PQ Raised",IF(AF95>0,"Vendor Allocated",IF(X95>0,"BP Secured","Not yet endorsed"))))))) -> Tempo Energized | AS95: 11/4/2025: Energized. 10/20/2026: Permanent LC done, for final inspection of coop. 10/12/2025: Permanent line construction on going. For survey again of coop once done with the LC. 10/5/25: For Line Construction 9/23/2025: Temporary power applied. For coop JTSS schedule once weather is okay. | AT95: 45958 | AU95: 45973 | AV95: 45973 | AW95: FTAPPQ0013619 | AX95: 45979 | AY95: FTAPPO0012764 | BD95: =IF(BC95>0,"Permanent Energized",IF(BB95>0,"Bill deposit Paid",IF(BA95>0,"Line Construction Completed",IF(AZ95>0,"Line Construction Started",IF(AX95>0,"PO Issued",IF(AV95>0,"PQ Raised",IF(AU95>0,"BoQ Approved",IF(AT95>0,"BoQ Submitted",IF(AF95>0,"Vendor Allocated",IF(X95>0,"BP Secured",IF(U95>0,"TSSR Approved","Not yet endorsed"))))))))))) -> PO Issued | BF95: 10/20/2025: Permanent line construction done. For final inspection of coop. 10/12/2025: LC ongoing for termperament solution. | BG95: #N/A
B96: PH010406 | C96: NS-NTG19-AC76 | D96: BrgyLabitProper_UrdanetaCity_Pangasinan | E96: Marilyn | F96: CENPELCO | G96: BTS 8 | H96: T2 | I96: NLZ | J96: Region I (Ilocos Region) | K96: Pangasinan | L96: City of Urdaneta | M96: 0 | N96: 15.95033 | O96: 120.53379 | P96: t. BP secured | Q96: E - Pending Tower Erection Completion | R96: =IF(INDEX(#REF!,MATCH('data '!$B96,#REF!,0),MATCH('data '!R$3,#REF!,0))=0,"",INDEX(#REF!,MATCH('data '!$B96,#REF!,0),MATCH('data '!R$3,#REF!,0))) -> #REF! | S96: =IF(INDEX(#REF!,MATCH('data '!$B96,#REF!,0),MATCH('data '!S$3,#REF!,0))=0,"",INDEX(#REF!,MATCH('data '!$B96,#REF!,0),MATCH('data '!S$3,#REF!,0))) -> #REF! | T96: =IF(INDEX(#REF!,MATCH('data '!$B96,#REF!,0),MATCH('data '!T$3,#REF!,0))=0,"",INDEX(#REF!,MATCH('data '!$B96,#REF!,0),MATCH('data '!T$3,#REF!,0))) -> #REF! | U96: Yes | V96: x. OP Applied | W96: RTB | X96: Yes | Y96: 45833 | AC96: =VLOOKUP(B96,#REF!,19,0) -> #REF! | AE96: Larc Telecoms, Inc. | AF96: 45908 | AG96: 45908 | AH96: FTAPPQ0012310 | AI96: 45909 | AJ96: FTAPPO0011520 | AK96: 45916 | AL96: 45932 | AM96: 45945 | AP96: =IF(AM96>0,"Tempo Energized",IF(AL96>0,"Tempo Permit Released",IF(AK96>0,"COOP Surveyed",IF(AI96>0,"PO Issued",IF(AG96>0,"PQ Raised",IF(AF96>0,"Vendor Allocated",IF(X96>0,"BP Secured","Not yet endorsed"))))))) -> Tempo Energized | AS96: 10/9/25: Waiting energization schedule 10/5/25: COOP applied; waiting COOP Assessment | AT96: 45922 | AU96: 45924 | AV96: 45936 | AW96: FTAPPQ0012947 | AX96: 45939 | AY96: FTAPPO0012099 | AZ96: 45940 | BA96: 45945 | BD96: =IF(BC96>0,"Permanent Energized",IF(BB96>0,"Bill deposit Paid",IF(BA96>0,"Line Construction Completed",IF(AZ96>0,"Line Construction Started",IF(AX96>0,"PO Issued",IF(AV96>0,"PQ Raised",IF(AU96>0,"BoQ Approved",IF(AT96>0,"BoQ Submitted",IF(AF96>0,"Vendor Allocated",IF(X96>0,"BP Secured",IF(U96>0,"TSSR Approved","Not yet endorsed"))))))))))) -> Line Construction Completed | BE96: 4 | BG96: #N/A | BH96: #REF!
B97: PH010449 | C97: NS-NTG19-AC92 | D97: BRGYNANCAYASAN_URDANETACITY_PANGASINAN | E97: Arjay | F97: 0 | G97: BTS 8 | H97: T2 | I97: LUZ | J97: Region I (Ilocos Region) | K97: Pangasinan | L97: City of Urdaneta | M97: 0 | N97: 0 | O97: 0 | P97: b. Candidate Secured | Q97: 0 | R97: =IF(INDEX(#REF!,MATCH('data '!$B97,#REF!,0),MATCH('data '!R$3,#REF!,0))=0,"",INDEX(#REF!,MATCH('data '!$B97,#REF!,0),MATCH('data '!R$3,#REF!,0))) -> #REF! | S97: =IF(INDEX(#REF!,MATCH('data '!$B97,#REF!,0),MATCH('data '!S$3,#REF!,0))=0,"",INDEX(#REF!,MATCH('data '!$B97,#REF!,0),MATCH('data '!S$3,#REF!,0))) -> #REF! | T97: =IF(INDEX(#REF!,MATCH('data '!$B97,#REF!,0),MATCH('data '!T$3,#REF!,0))=0,"",INDEX(#REF!,MATCH('data '!$B97,#REF!,0),MATCH('data '!T$3,#REF!,0))) -> #REF! | V97: a.4. RE-SH | W97: 0 | AC97: =VLOOKUP(B97,#REF!,19,0) -> #REF! | AP97: =IF(AM97>0,"Tempo Energized",IF(AL97>0,"Tempo Permit Released",IF(AK97>0,"COOP Surveyed",IF(AI97>0,"PO Issued",IF(AG97>0,"PQ Raised",IF(AF97>0,"Vendor Allocated",IF(X97>0,"BP Secured","Not yet endorsed"))))))) -> Not yet endorsed | AQ97: {=IF(AM97>0,(TODAY()-AM97),IF(AL97>0,(TODAY()-AL97),IF(AK97>0,(TODAY()-AK97,IF(AI97>0,(TODAY()-AI97),IF(AG97>0,(TODAY()-AG97),IF(AF97>0,(TODAY()-AF97),IF(X97>0,(TODAY()-X97)," "))))))))} -> FALSE | BD97: =IF(BC97>0,"Permanent Energized",IF(BB97>0,"Bill deposit Paid",IF(BA97>0,"Line Construction Completed",IF(AZ97>0,"Line Construction Started",IF(AX97>0,"PO Issued",IF(AV97>0,"PQ Raised",IF(AU97>0,"BoQ Approved",IF(AT97>0,"BoQ Submitted",IF(AF97>0,"Vendor Allocated",IF(X97>0,"BP Secured",IF(U97>0,"TSSR Approved","Not yet endorsed"))))))))))) -> Not yet endorsed | BG97: #N/A | BH97: #REF!
B98: PH010450 | C98: NS-NTG19-AC93 | D98: NEARBINALONANAIRPORT_BRGYCANARVACANAN_BINALONAN_PANGASINAN | F98: 0 | G98: BTS 8 | H98: T2 | I98: LUZ | J98: #N/A | K98: #N/A | L98: #N/A | M98: #N/A | N98: #N/A | O98: #N/A | P98: f. TSSR submitted to DNE & PMO | Q98: 0 | R98: =IF(INDEX(#REF!,MATCH('data '!$B98,#REF!,0),MATCH('data '!R$3,#REF!,0))=0,"",INDEX(#REF!,MATCH('data '!$B98,#REF!,0),MATCH('data '!R$3,#REF!,0))) -> #REF! | S98: =IF(INDEX(#REF!,MATCH('data '!$B98,#REF!,0),MATCH('data '!S$3,#REF!,0))=0,"",INDEX(#REF!,MATCH('data '!$B98,#REF!,0),MATCH('data '!S$3,#REF!,0))) -> #REF! | T98: =IF(INDEX(#REF!,MATCH('data '!$B98,#REF!,0),MATCH('data '!T$3,#REF!,0))=0,"",INDEX(#REF!,MATCH('data '!$B98,#REF!,0),MATCH('data '!T$3,#REF!,0))) -> #REF! | V98: h. Pending GT TSSR Approval | W98: 0 | AC98: =VLOOKUP(B98,#REF!,19,0) -> #REF! | AP98: =IF(AM98>0,"Tempo Energized",IF(AL98>0,"Tempo Permit Released",IF(AK98>0,"COOP Surveyed",IF(AI98>0,"PO Issued",IF(AG98>0,"PQ Raised",IF(AF98>0,"Vendor Allocated",IF(X98>0,"BP Secured","Not yet endorsed"))))))) -> Not yet endorsed | AQ98: {=IF(AM98>0,(TODAY()-AM98),IF(AL98>0,(TODAY()-AL98),IF(AK98>0,(TODAY()-AK98,IF(AI98>0,(TODAY()-AI98),IF(AG98>0,(TODAY()-AG98),IF(AF98>0,(TODAY()-AF98),IF(X98>0,(TODAY()-X98)," "))))))))} -> FALSE | BD98: =IF(BC98>0,"Permanent Energized",IF(BB98>0,"Bill deposit Paid",IF(BA98>0,"Line Construction Completed",IF(AZ98>0,"Line Construction Started",IF(AX98>0,"PO Issued",IF(AV98>0,"PQ Raised",IF(AU98>0,"BoQ Approved",IF(AT98>0,"BoQ Submitted",IF(AF98>0,"Vendor Allocated",IF(X98>0,"BP Secured",IF(U98>0,"TSSR Approved","Not yet endorsed"))))))))))) -> Not yet endorsed | BG98: #N/A
B99: PH030869 | C99: NS-NTG19-AD70 | D99: BRGYTIBAG_TARLACCITY_TARLAC | E99: CJ | F99: TEI | G99: BTS 8 | H99: T1 | I99: NLZ | J99: Region III (Central Luzon) | K99: Tarlac | L99: City of Tarlac (Capital) | M99: 0 | N99: 15.488432 | O99: 120.57872 | P99: t. BP secured | Q99: L - Under pre-construction | R99: =IF(INDEX(#REF!,MATCH('data '!$B99,#REF!,0),MATCH('data '!R$3,#REF!,0))=0,"",INDEX(#REF!,MATCH('data '!$B99,#REF!,0),MATCH('data '!R$3,#REF!,0))) -> #REF! | S99: =IF(INDEX(#REF!,MATCH('data '!$B99,#REF!,0),MATCH('data '!S$3,#REF!,0))=0,"",INDEX(#REF!,MATCH('data '!$B99,#REF!,0),MATCH('data '!S$3,#REF!,0))) -> #REF! | T99: =IF(INDEX(#REF!,MATCH('data '!$B99,#REF!,0),MATCH('data '!T$3,#REF!,0))=0,"",INDEX(#REF!,MATCH('data '!$B99,#REF!,0),MATCH('data '!T$3,#REF!,0))) -> #REF! | U99: Yes | V99: u. RTB | W99: RTB | X99: Yes | Y99: 45934 | AC99: =VLOOKUP(B99,#REF!,19,0) -> #REF! | AE99: C.S ENRIQUEZ (CSEMSCORP Contractors, Fabricators) Inc. | AF99: 45938 | AG99: 45975 | AH99: FTAPPQ0013674 | AI99: 45979 | AJ99: FTAPPO0012813 | AK99: 45980 | AL99: 45979 | AM99: 46002 | AP99: =IF(AM99>0,"Tempo Energized",IF(AL99>0,"Tempo Permit Released",IF(AK99>0,"COOP Surveyed",IF(AI99>0,"PO Issued",IF(AG99>0,"PQ Raised",IF(AF99>0,"Vendor Allocated",IF(X99>0,"BP Secured","Not yet endorsed"))))))) -> Tempo Energized | AQ99: {=IF(AM99>0,(TODAY()-AM99),IF(AL99>0,(TODAY()-AL99),IF(AK99>0,(TODAY()-AK99,IF(AI99>0,(TODAY()-AI99),IF(AG99>0,(TODAY()-AG99),IF(AF99>0,(TODAY()-AF99),IF(X99>0,(TODAY()-X99)," "))))))))} -> 104 | BD99: =IF(BC99>0,"Permanent Energized",IF(BB99>0,"Bill deposit Paid",IF(BA99>0,"Line Construction Completed",IF(AZ99>0,"Line Construction Started",IF(AX99>0,"PO Issued",IF(AV99>0,"PQ Raised",IF(AU99>0,"BoQ Approved",IF(AT99>0,"BoQ Submitted",IF(AF99>0,"Vendor Allocated",IF(X99>0,"BP Secured",IF(U99>0,"TSSR Approved","Not yet endorsed"))))))))))) -> Vendor Allocated | BE99: 2 | BG99: Interlink Power
B100: PH030868 | C100: NS-NTG19-AD72 | D100: BRGYDOLORES_TARLACCITY_TARLAC | E100: CJ | F100: TEI | G100: BTS 8 | H100: T1 | I100: NLZ | J100: Region III (Central Luzon) | K100: Tarlac | L100: City of Tarlac (Capital) | M100: 0 | N100: 15.523313 | O100: 120.57536 | P100: t. BP secured | Q100: H - Pending Excavation Completion | R100: =IF(INDEX(#REF!,MATCH('data '!$B100,#REF!,0),MATCH('data '!R$3,#REF!,0))=0,"",INDEX(#REF!,MATCH('data '!$B100,#REF!,0),MATCH('data '!R$3,#REF!,0))) -> #REF! | S100: =IF(INDEX(#REF!,MATCH('data '!$B100,#REF!,0),MATCH('data '!S$3,#REF!,0))=0,"",INDEX(#REF!,MATCH('data '!$B100,#REF!,0),MATCH('data '!S$3,#REF!,0))) -> #REF! | T100: =IF(INDEX(#REF!,MATCH('data '!$B100,#REF!,0),MATCH('data '!T$3,#REF!,0))=0,"",INDEX(#REF!,MATCH('data '!$B100,#REF!,0),MATCH('data '!T$3,#REF!,0))) -> #REF! | V100: v. Site Dev Complete Awaiting ABP | W100: RTB | X100: Yes | Y100: 45884 | Z100: 46000 | AC100: =VLOOKUP(B100,#REF!,19,0) -> #REF! | AE100: Larc Telecoms Inc. | AF100: 45908 | AG100: 45908 | AH100: FTAPPQ0012310 | AI100: 45909 | AJ100: FTAPPO0011520 | AK100: 45916 | AO100: Yes | AP100: =IF(AM100>0,"Tempo Energized",IF(AL100>0,"Tempo Permit Released",IF(AK100>0,"COOP Surveyed",IF(AI100>0,"PO Issued",IF(AG100>0,"PQ Raised",IF(AF100>0,"Vendor Allocated",IF(X100>0,"BP Secured","Not yet endorsed"))))))) -> COOP Surveyed | AR100: Lacking PreCon Permits | AS100: 9/23/2025:Advanced build. Awaiting precon permits from SAQ. | BD100: =IF(BC100>0,"Permanent Energized",IF(BB100>0,"Bill deposit Paid",IF(BA100>0,"Line Construction Completed",IF(AZ100>0,"Line Construction Started",IF(AX100>0,"PO Issued",IF(AV100>0,"PQ Raised",IF(AU100>0,"BoQ Approved",IF(AT100>0,"BoQ Submitted",IF(AF100>0,"Vendor Allocated",IF(X100>0,"BP Secured",IF(U100>0,"TSSR Approved","Not yet endorsed"))))))))))) -> Vendor Allocated | BG100: #N/A
...

Sheet Dashboard
